tag_short,date,split,total_daily_duration,visit_count,avg_visit_duration,max_absence_hours,is_sick,health_note,ae_score,ae_anomaly,if_score,if_anomaly
1101,2024-10-11,train,1333.912,14,95.27942857142855,4.497090277777778,0,,0.1721943774025798,0,0.562150070658628,1
1101,2024-10-12,train,699.2669999999999,8,87.40837499999999,8.900788888888888,0,,0.07789030745184622,0,0.3914763245747187,0
1101,2024-10-13,train,777.4780000000001,11,70.67981818181819,7.174234444444444,0,,0.0974785671339558,0,0.43091383148582807,0
1101,2024-10-14,train,481.809,6,80.30149999999999,9.1499825,0,,0.07230222266225811,0,0.38451234582843824,0
1101,2024-10-16,train,492.113,5,98.4226,44.571933888888886,0,,2.6097976798744265,1,0.53962863472761,1
1101,2024-10-17,train,710.5070000000001,9,78.94522222222223,8.077380277777777,0,,0.07693576422972738,0,0.39907962141706477,0
1101,2024-10-18,train,1826.51,12,152.20916666666668,8.510377222222223,0,,1.0008330638242662,0,0.6410386645517163,1
1101,2024-10-19,train,579.937,9,64.43744444444445,10.538111666666666,0,,0.04923050779689672,0,0.38580772016843573,0
1101,2024-10-20,train,840.465,8,105.058125,9.640938888888888,0,,0.1473738936520463,0,0.41112680436282645,0
1101,2024-10-21,train,800.113,6,133.35216666666668,7.430746388888889,0,,0.3956268523757669,0,0.4521958357010711,0
1101,2024-10-22,train,610.412,7,87.20171428571429,11.625858333333332,0,,0.04723697197506778,0,0.38075586782765314,0
1101,2024-10-23,train,635.341,9,70.59344444444444,14.282383055555554,0,,0.0008330577711065499,0,0.390613011603377,0
1101,2024-10-24,train,808.4929999999999,8,101.061625,15.201540555555557,0,,0.12218265894504629,0,0.4216238277029652,0
1101,2024-10-25,train,328.807,6,54.80116666666667,11.171983611111113,0,,0.07588344291068604,0,0.37685345395189934,0
1101,2024-10-26,train,765.179,5,153.0358,13.779854722222222,0,,0.6820478114537828,0,0.43784148300180925,0
1101,2024-10-27,train,542.89,11,49.35363636363636,13.205213055555555,0,,0.1104978462056394,0,0.3923753875717485,0
1101,2024-10-28,train,140.20700000000002,3,46.735666666666674,13.362245555555557,0,,0.09454755280610615,0,0.39704425930772724,0
1101,2024-10-29,train,511.039,5,102.2078,13.353249444444444,0,,0.11679218411564381,0,0.38080108340540925,0
1101,2024-10-30,test,406.74,7,58.105714285714285,12.412503055555556,0,,0.03729436829473742,0,0.3738943303560206,0
1101,2024-10-31,test,428.694,5,85.7388,8.803320277777779,0,,0.09746498484156868,0,0.38899352799593634,0
1101,2024-11-01,test,332.379,3,110.793,10.93451,0,,0.17733962367961534,0,0.4043937562162224,0
1101,2024-11-02,test,531.952,4,132.988,14.026288888888889,0,,0.38518775942380784,0,0.4143249852969922,0
1101,2024-11-03,test,485.124,7,69.30342857142857,8.06546,0,,0.09670677437074134,0,0.3883352623905766,0
1101,2024-11-04,test,705.9639999999999,6,117.66066666666666,17.225084166666665,0,,0.30532135216980266,0,0.4101453539298619,0
1101,2024-11-05,test,394.883,6,65.81383333333333,12.12603138888889,0,,0.027694131954959306,0,0.36851654563148145,0
1101,2024-11-06,test,184.219,4,46.05475,22.55915055555555,0,,0.06397255125119841,0,0.4278043953752344,0
1101,2024-11-07,test,487.991,7,69.713,8.002822222222223,0,,0.09748020345973896,0,0.39010551415001593,0
1105,2024-10-11,train,86.184,5,17.2368,5.187310555555555,0,,0.6753943363284722,0,0.4820057996920372,0
1105,2024-10-12,train,459.602,8,57.45025,11.1064625,0,,0.06191955671119572,0,0.3746058979385641,0
1105,2024-10-13,train,666.692,7,95.24171428571428,13.832044444444444,0,,0.07482785123177021,0,0.3899323411557094,0
1105,2024-10-14,train,384.243,6,64.0405,14.514776388888889,0,,0.005262642632368813,0,0.36861932823114746,0
1105,2024-10-16,train,179.531,3,59.84366666666667,45.57043,0,,2.5709150270079006,1,0.5418265392297962,1
1105,2024-10-17,train,862.584,6,143.76399999999998,14.941477777777775,0,,0.5976505595304935,0,0.44141775470528055,0
1105,2024-10-18,train,557.917,5,111.5834,15.60592,0,,0.2090912410182464,0,0.3958773948127561,0
1105,2024-10-19,train,159.487,1,159.487,10.071644166666667,0,,0.7658975604701455,0,0.5293050131814647,1
1105,2024-10-20,train,710.942,8,88.86775,23.645050555555557,0,,0.23346123818938505,0,0.4578388549039736,0
1105,2024-10-21,train,379.452,7,54.20742857142857,17.48427583333333,0,,0.019055590406187067,0,0.38354464906508995,0
1105,2024-10-22,train,783.996,14,55.99971428571428,15.657274722222224,0,,0.1136076088403837,0,0.4551538474637796,0
1105,2024-10-23,train,1044.489,11,94.95354545454546,14.51566777777778,0,,0.07718825629171094,0,0.46154354688475646,0
1105,2024-10-24,train,334.549,6,55.75816666666666,16.014632777777777,0,,0.009676074841318863,0,0.37750581035070707,0
1105,2024-10-25,train,343.955,3,114.65166666666666,20.024686388888888,0,,0.33675227571954924,0,0.4238850615199006,0
1105,2024-10-26,train,202.811,2,101.4055,19.15037111111111,0,,0.22028522102421294,0,0.4256247353118694,0
1105,2024-10-27,train,646.398,19,34.020947368421055,15.837324166666669,0,,0.7489799097532199,0,0.5181666016285975,1
1105,2024-10-28,train,382.109,5,76.4218,11.471848333333334,0,,0.042888384514615144,0,0.3748909495445453,0
1105,2024-10-29,train,554.302,9,61.58911111111112,13.622082777777775,0,,0.01885470009389514,0,0.37950927207294044,0
1105,2024-10-30,test,422.649,7,60.37842857142857,16.662939722222223,0,,0.006055770907723331,0,0.3748277121046526,0
1105,2024-10-31,test,361.36,9,40.151111111111106,12.883757777777776,0,,0.1548905236071685,0,0.38906696176361766,0
1105,2024-11-01,test,235.763,3,78.58766666666666,16.417255555555556,0,,0.037443223927822594,0,0.388710766751792,0
1105,2024-11-02,test,108.667,2,54.3335,21.91155555555556,0,,0.08118084011486273,0,0.43702880345006856,0
1105,2024-11-03,test,428.586,4,107.1465,16.56322888888889,0,,0.18461415112598892,0,0.39030646868276286,0
1105,2024-11-04,test,732.6270000000001,9,81.403,15.500359444444443,0,,0.018283417275305157,0,0.4173877003796378,0
1105,2024-11-05,test,598.517,13,46.03976923076924,14.258897222222222,0,,0.18508544361721754,0,0.42378853390017496,0
1105,2024-11-06,test,205.56599999999997,5,41.11319999999999,14.484261944444444,0,,0.07047302799690909,0,0.3858421030154012,0
1105,2024-11-07,test,476.096,10,47.6096,11.953197222222222,0,,0.12509675676353207,0,0.387969785121427,0
1106,2024-10-11,train,741.817,12,61.818083333333334,3.870536944444445,0,,0.25229208887299154,0,0.4581276563334233,0
1106,2024-10-12,train,848.9100000000001,19,44.67947368421053,7.067667777777777,0,,0.5076082653267766,0,0.4999170435014503,0
1106,2024-10-13,train,779.696,7,111.38514285714288,9.202434722222222,0,,0.19795458784225067,0,0.4116026448797299,0
1106,2024-10-14,train,322.701,6,53.7835,9.164619444444444,0,,0.1344168200923925,0,0.3850239048613939,0
1106,2024-10-16,train,117.393,6,19.5655,35.14095555555556,0,,1.1447959598829172,0,0.535168212971538,1
1106,2024-10-17,train,1116.402,13,85.87707692307693,9.906142777777776,0,,0.034042420187186104,0,0.48397571711460313,0
1106,2024-10-18,train,542.29,5,108.458,8.79036111111111,0,,0.17106880987102352,0,0.40168515862039966,0
1106,2024-10-19,train,692.857,2,346.4285,14.112158333333332,0,,5.685329306469272,1,0.6208794195943661,1
1106,2024-10-20,train,812.2339999999999,7,116.03342857142856,20.08145194444445,0,,0.3810233735726727,0,0.4506931358186785,0
1106,2024-10-21,train,1193.111,6,198.85183333333336,13.0383025,0,,1.6827957426011062,0,0.5306789320848007,1
1106,2024-10-22,train,1477.051,15,98.47006666666668,14.918246666666668,0,,0.09688450433901241,0,0.5797053407283014,1
1106,2024-10-23,train,496.116,4,124.029,8.005264444444444,0,,0.27828675717110607,0,0.4303067334933625,0
1106,2024-10-24,train,1314.151,11,119.46827272727272,14.626108888888888,0,,0.3475933203467425,0,0.5278673832576009,1
1106,2024-10-25,train,234.826,3,78.27533333333334,11.284811111111113,0,,0.07880098867150934,0,0.38838520010395416,0
1106,2024-10-26,train,493.611,3,164.537,11.33673222222222,0,,0.7076909859334483,0,0.46173042330824837,0
1106,2024-10-27,train,1181.705,17,69.5120588235294,11.669469166666667,0,,0.05322032454696694,0,0.5231666539842359,1
1106,2024-10-28,train,440.4450000000001,3,146.81500000000003,17.536507222222223,0,,0.6369413831218372,0,0.449074700779225,0
1106,2024-10-29,train,561.704,5,112.3408,12.909523611111112,0,,0.18532935985069304,0,0.3997530542450434,0
1106,2024-10-30,test,364.185,5,72.837,8.809839722222222,0,,0.09914692606126613,0,0.38944428092145555,0
1106,2024-10-31,test,360.205,5,72.041,13.919005555555556,0,,0.01433705956969366,0,0.37394423543989685,0
1106,2024-11-01,test,359.641,4,89.91025,10.86549861111111,0,,0.08627095085008432,0,0.37721048551716496,0
1106,2024-11-02,test,175.678,2,87.839,13.293086944444443,0,,0.12600020003680648,0,0.4156721918856948,0
1106,2024-11-03,test,256.834,3,85.61133333333333,13.376348611111112,0,,0.06250116093005652,0,0.3842128463445785,0
1106,2024-11-04,test,323.65,4,80.9125,12.719941388888888,0,,0.047215592088320955,0,0.38025556132805655,0
1106,2024-11-05,test,957.653,5,191.5306,12.923751388888888,0,,1.3919864135393687,0,0.4845434758043879,0
1106,2024-11-06,test,130.39499999999998,5,26.078999999999997,15.127282222222222,0,,0.1489874827087479,0,0.4106438787630697,0
1106,2024-11-07,test,360.365,7,51.480714285714285,10.140635277777776,0,,0.11249873946682806,0,0.3783599367222183,0
1110,2024-10-11,train,154.554,3,51.518,9.395663333333331,0,,0.19847028797802208,0,0.40495127302873873,0
1110,2024-10-12,train,45.351,1,45.351,19.054222222222226,0,,0.11910688162128528,0,0.4598109335588795,0
1110,2024-10-13,train,188.991,4,47.24775,17.581822222222222,0,,0.011151862125899078,0,0.3945538948869463,0
1110,2024-10-14,train,21.369999999999997,3,7.123333333333332,20.02513944444444,0,,0.2961733069318082,0,0.48451843626280133,0
1110,2024-10-16,train,51.867,1,51.867,47.710341388888885,0,,3.093007015645082,1,0.6008719792404145,1
1110,2024-10-17,train,87.858,3,29.286,20.848754444444445,0,,0.10877799401587772,0,0.4313269986994275,0
1110,2024-10-18,train,175.002,3,58.334,7.9119697222222225,0,,0.22401752144222412,0,0.4184416058324536,0
1110,2024-10-19,train,38.325,1,38.325,22.482727222222223,0,,0.18954093491258536,0,0.48810504316418485,0
1110,2024-10-20,train,27.995,2,13.9975,28.941424166666664,0,,0.6147292077700999,0,0.5233093195255715,1
1110,2024-10-21,train,100.0,3,33.333333333333336,15.2827875,0,,0.11189516538071347,0,0.40108519159538064,0
1110,2024-10-22,train,120.151,4,30.03775,16.45060861111111,0,,0.09164162302526416,0,0.4059716385408359,0
1110,2024-10-23,train,122.946,5,24.5892,11.032330555555555,0,,0.2831806636863623,0,0.41720691588745207,0
1110,2024-10-24,train,217.657,4,54.41425,19.743604444444443,0,,0.008828867627610277,0,0.39914263975808423,0
1110,2024-10-25,train,88.204,2,44.102,10.832474166666666,0,,0.2467662688799312,0,0.42269111235166434,0
1110,2024-10-26,train,98.542,2,49.271,15.620058888888888,0,,0.0888525808903387,0,0.41385561345629196,0
1110,2024-10-27,train,440.749,7,62.96414285714286,13.088653611111113,0,,0.01692238413595034,0,0.3681874458870484,0
1110,2024-10-28,train,140.945,2,70.4725,16.108393055555556,0,,0.07239935866878522,0,0.41334909410695964,0
1110,2024-10-29,train,177.488,5,35.4976,16.134241944444444,0,,0.07252085742674329,0,0.39045538630820426,0
1110,2024-10-30,test,135.05,3,45.01666666666667,15.089133888888888,0,,0.06318709718507849,0,0.39513445564539806,0
1110,2024-10-31,test,140.071,3,46.690333333333335,11.672521666666666,0,,0.14272610872583297,0,0.39859432861918404,0
1110,2024-11-01,test,164.829,4,41.20725,14.455325277777778,0,,0.06908964239867385,0,0.391155929724397,0
1110,2024-11-02,test,137.261,5,27.4522,18.11905388888889,0,,0.0987484144387168,0,0.41991751498197016,0
1110,2024-11-03,test,186.882,4,46.7205,7.458091388888889,0,,0.2642664484692502,0,0.4168928117151097,0
1110,2024-11-04,test,131.058,3,43.686,14.863560555555557,0,,0.07262026974497753,0,0.39351051922614405,0
1110,2024-11-05,test,16.565,3,5.521666666666667,15.069205555555556,0,,0.354296896140632,0,0.4782038018725925,0
1110,2024-11-06,test,82.836,4,20.709,16.21401277777778,0,,0.16474318474162947,0,0.41639396539358164,0
1110,2024-11-07,test,153.949,5,30.789800000000003,17.959864166666666,0,,0.07870752553366824,0,0.40401942066003055,0
1111,2024-10-11,train,400.909,10,40.0909,5.602736111111111,0,,0.37719933259834904,0,0.4278348781281033,0
1111,2024-10-12,train,590.902,11,53.71836363636364,11.861143055555557,0,,0.09129455589573189,0,0.39910534976520096,0
1111,2024-10-13,train,542.749,7,77.53557142857143,16.398857222222222,0,,0.015953758183778595,0,0.38012616751381556,0
1111,2024-10-14,train,1126.632,5,225.3264,14.309674444444443,0,,2.3246912026822817,1,0.5372475160862535,1
1111,2024-10-16,train,384.597,5,76.9194,37.008985,0,,1.2372704253373377,0,0.48821194811490143,0
1111,2024-10-17,train,760.5,7,108.64285714285714,15.3854425,0,,0.18579188350571266,0,0.4138101018632174,0
1111,2024-10-18,train,599.065,4,149.76625,9.196013333333331,0,,0.519865976733689,0,0.4368829414380905,0
1111,2024-10-19,train,111.335,4,27.83375,16.75675888888889,0,,0.10138368917543751,0,0.4118829143172558,0
1111,2024-10-20,train,931.793,8,116.474125,9.4049225,0,,0.2429367375256869,0,0.4365240868707682,0
1111,2024-10-21,train,676.656,10,67.6656,7.937161666666666,0,,0.09288914311048649,0,0.40410354484704536,0
1111,2024-10-22,train,740.448,10,74.0448,10.025291944444444,0,,0.033473619751275,0,0.3977595256875952,0
1111,2024-10-23,train,651.351,24,27.139625,10.486720833333331,0,,1.4815860371300664,0,0.5318102446726913,1
1111,2024-10-24,train,380.75,7,54.392857142857146,17.127569444444443,0,,0.017735439008296293,0,0.38172355651994,0
1111,2024-10-25,train,411.335,6,68.55583333333334,10.878062777777778,0,,0.044367201236829745,0,0.3731472377095832,0
1111,2024-10-26,train,286.64799999999997,5,57.32959999999999,9.846840555555554,0,,0.1110434557026316,0,0.37801973000925043,0
1111,2024-10-27,train,168.831,13,12.986999999999998,18.764963611111114,0,,0.7784444906797573,0,0.4830365883257851,0
1111,2024-10-28,train,230.047,4,57.51175,14.467235277777778,0,,0.020135169908154296,0,0.3755919311035365,0
1111,2024-10-29,train,376.784,4,94.196,8.924891944444445,0,,0.1269486243997158,0,0.39109449770729154,0
1111,2024-10-30,test,313.98800000000006,7,44.85542857142858,15.280993333333331,0,,0.059875827077408454,0,0.37714155006120764,0
1111,2024-10-31,test,325.019,8,40.627375,6.973285833333334,0,,0.3021968513097111,0,0.4114632622463843,0
1111,2024-11-01,test,226.149,6,37.6915,15.075786944444443,0,,0.09116839770961543,0,0.38918783971972154,0
1111,2024-11-02,test,121.058,2,60.529,22.542403055555553,0,,0.09786909207842018,0,0.44834662275961573,0
1111,2024-11-03,test,285.766,3,95.25533333333334,16.003358055555555,0,,0.1023242892440829,0,0.3924495379231885,0
1111,2024-11-04,test,317.531,5,63.5062,16.986735555555555,0,,0.002187168376029354,0,0.37711638477285164,0
1111,2024-11-05,test,357.069,4,89.26725,6.512558333333333,0,,0.178665517532285,0,0.41632271729806647,0
1111,2024-11-06,test,185.493,5,37.0986,15.885282222222225,0,,0.06803102762775338,0,0.39040960649224343,0
1111,2024-11-07,test,231.339,8,28.917375,8.770409166666667,0,,0.36491447247452163,0,0.4106150664341256,0
1112,2024-10-11,train,264.488,30,8.816266666666667,2.314846388888889,0,,3.863169023192262,1,0.6167255850348283,1
1112,2024-10-12,train,482.25,17,28.36764705882353,4.573368055555555,0,,0.9035116124687901,0,0.4776351058458643,0
1112,2024-10-13,train,1201.163,5,240.2326,14.824632222222222,0,,2.8110947838045712,1,0.5627810019821067,1
1112,2024-10-14,train,415.054,9,46.11711111111111,10.862875277777778,0,,0.14130357927546067,0,0.3844626156797198,0
1112,2024-10-16,train,520.956,8,65.1195,37.69355222222222,0,,1.3732180814244226,0,0.519505600284838,1
1112,2024-10-17,train,529.39,8,66.17375,12.42091,0,,0.01879303401735661,0,0.376672315072815,0
1112,2024-10-18,train,777.923,8,97.240375,12.554992222222223,0,,0.08207003320192335,0,0.4077989741230248,0
1112,2024-10-19,train,519.719,8,64.964875,13.232039444444444,0,,0.012569599555826502,0,0.37547671185696085,0
1112,2024-10-20,train,384.857,4,96.21425,7.852493055555555,0,,0.15322272689005662,0,0.40296042749059136,0
1112,2024-10-21,train,989.395,17,58.19970588235294,15.2116175,0,,0.15630532039094244,0,0.5075120691844512,1
1112,2024-10-22,train,658.6560000000001,11,59.877818181818185,13.493843333333334,0,,0.03859687659528348,0,0.4006238306828757,0
1112,2024-10-23,train,674.402,10,67.4402,11.170195555555557,0,,0.02848085165614901,0,0.39437398899116627,0
1112,2024-10-24,train,170.72000000000003,4,42.68000000000001,16.02853027777778,0,,0.03729209851079023,0,0.38792581489918565,0
1112,2024-10-25,train,483.134,5,96.6268,10.798900555555557,0,,0.09527181439096925,0,0.3824149489612988,0
1112,2024-10-26,train,368.464,10,36.8464,15.621730277777775,0,,0.1861081447281113,0,0.39778430792859826,0
1112,2024-10-27,train,818.722,18,45.48455555555555,10.826360833333332,0,,0.39253924611737123,0,0.48632314000042814,0
1112,2024-10-28,train,286.966,11,26.087818181818182,13.06581,0,,0.39399938033720283,0,0.40676069556172306,0
1112,2024-10-29,train,400.153,8,50.019125,15.650035555555554,0,,0.04501148891141813,0,0.3791978645127589,0
1112,2024-10-30,test,410.871,6,68.4785,8.955293611111111,0,,0.08682362559709439,0,0.38439303954282483,0
1112,2024-10-31,test,991.509,11,90.13718181818182,14.727038333333336,0,,0.04941132691703758,0,0.45744817437884694,0
1112,2024-11-01,test,287.125,5,57.425,13.45852722222222,0,,0.031869376269692266,0,0.3740193557015824,0
1112,2024-11-02,test,200.2,7,28.6,15.380974444444444,0,,0.17372708141379806,0,0.3970006596203586,0
1112,2024-11-03,test,348.846,8,43.60575,10.614834166666666,0,,0.15647154145844955,0,0.3774837374643932,0
1112,2024-11-04,test,641.72,6,106.95333333333332,15.61351722222222,0,,0.1717619363300233,0,0.4022240489474499,0
1112,2024-11-05,test,316.683,5,63.3366,12.46919972222222,0,,0.035435237800809066,0,0.37565766589468985,0
1112,2024-11-06,test,131.493,6,21.9155,12.056234444444446,0,,0.2842151866145721,0,0.41784159215472694,0
1112,2024-11-07,test,675.187,9,75.02077777777778,10.265215,0,,0.034234682195034775,0,0.38729563418473656,0
1113,2024-10-11,train,226.611,26,8.715807692307692,2.2870319444444447,0,,3.0289942880647995,1,0.5965161356088426,1
1113,2024-10-12,train,300.752,23,13.076173913043478,5.440458055555556,0,,2.1594618745414467,0,0.5536258601097885,1
1113,2024-10-13,train,303.277,12,25.273083333333332,10.11125388888889,0,,0.5173223650983374,0,0.42011520178567086,0
1113,2024-10-14,train,361.51,9,40.16777777777778,9.087794166666669,0,,0.240292785261939,0,0.39263747528139353,0
1113,2024-10-16,train,352.992,10,35.2992,38.7431275,0,,1.6557094494166,0,0.5371894292770897,1
1113,2024-10-17,train,749.345,16,46.8340625,10.756208333333332,0,,0.2928944207865896,0,0.4606757646414853,0
1113,2024-10-18,train,1349.607,7,192.801,10.580633055555555,0,,1.5776571842780478,0,0.5544186472403841,1
1113,2024-10-19,train,522.325,3,174.10833333333335,12.59076138888889,0,,0.8822158273758265,0,0.4619692573854121,0
1113,2024-10-20,train,1251.34,9,139.03777777777776,10.779572777777778,0,,0.5610057072766473,0,0.5093043845126115,1
1113,2024-10-21,train,665.068,16,41.56675,9.947625,0,,0.3992640519950735,0,0.45578213080527563,0
1113,2024-10-22,train,720.689,9,80.07655555555556,11.178873333333334,0,,0.023634220541478977,0,0.3967350443936773,0
1113,2024-10-23,train,817.296,16,51.081,6.649777222222222,0,,0.303910189258842,0,0.4768390608188704,0
1113,2024-10-24,train,317.694,11,28.88127272727273,15.758038888888889,0,,0.32548239492507663,0,0.40856358699410994,0
1113,2024-10-25,train,720.858,9,80.09533333333333,9.085466944444445,0,,0.055346425805071736,0,0.3954133159494033,0
1113,2024-10-26,train,213.368,5,42.6736,14.76571888888889,0,,0.05988131183691875,0,0.37993352663617,0
1113,2024-10-27,train,405.246,13,31.17276923076923,12.931419444444444,0,,0.4152003319276212,0,0.41730985579074814,0
1113,2024-10-28,train,275.387,7,39.341,9.932353888888889,0,,0.20490852579579025,0,0.38266982189237286,0
1113,2024-10-29,train,284.868,7,40.69542857142857,12.03045388888889,0,,0.13705900018943148,0,0.37757713741603055,0
1113,2024-10-30,test,332.804,7,47.54342857142857,12.46025777777778,0,,0.0833187188571824,0,0.3747015117487558,0
1113,2024-10-31,test,621.991,22,28.272318181818186,10.343902222222225,0,,1.2098963445748108,0,0.520775324242894,1
1113,2024-11-01,test,314.068,3,104.68933333333332,9.35475638888889,0,,0.16313773907272275,0,0.414445847257582,0
1113,2024-11-02,test,273.31399999999996,3,91.10466666666666,14.184754166666666,0,,0.07661217816687006,0,0.3842653051067709,0
1113,2024-11-03,test,190.883,4,47.72075,7.654138055555555,0,,0.248835142973592,0,0.41428269828030123,0
1113,2024-11-04,test,418.66100000000006,9,46.5178888888889,17.385064999999997,0,,0.07943486360622716,0,0.39821370443754495,0
1113,2024-11-05,test,519.909,9,57.76766666666666,11.566896111111111,0,,0.057780121696753874,0,0.3759518013475406,0
1113,2024-11-06,test,96.674,6,16.112333333333336,14.302174166666664,0,,0.2826506549529676,0,0.4296238621201461,0
1113,2024-11-07,test,874.577,16,54.6610625,4.959877777777778,0,,0.30234316731083344,0,0.49086063141060854,0
1117,2024-10-11,train,74.938,3,24.979333333333333,2.837373611111111,0,,0.815416307231115,0,0.48646647995411946,0
1117,2024-10-12,train,127.752,4,31.938,13.560077222222224,0,,0.144372543315761,0,0.40054223176344594,0
1117,2024-10-13,train,29.736,8,3.717,15.784298333333334,0,,0.5181113500170111,0,0.49374783583752646,0
1117,2024-10-14,train,34.966,3,11.655333333333331,15.072448611111112,0,,0.2854359646074291,0,0.4474825031226509,0
1117,2024-10-16,train,0.173,1,0.173,50.431327777777774,0,,3.9862765283957673,1,0.6713360342466855,1
1117,2024-10-17,train,98.391,4,24.59775,17.390552222222222,0,,0.11750142406447653,0,0.4176155447005337,0
1117,2024-10-18,train,50.178,3,16.726,13.967098333333333,0,,0.270805770957651,0,0.4255663322757046,0
1117,2024-10-19,train,127.444,1,127.444,22.521021944444445,0,,0.6847977439765218,0,0.5142174097175577,1
1117,2024-10-20,train,183.374,3,61.12466666666666,26.82808,0,,0.248539918125941,0,0.44621768329752604,0
1117,2024-10-21,train,56.401,6,9.400166666666664,12.080187222222222,0,,0.43971400456253384,0,0.45900421440482103,0
1117,2024-10-22,train,86.30199999999999,6,14.383666666666665,17.701386944444444,0,,0.24135196385765592,0,0.4395308737254302,0
1117,2024-10-23,train,113.42,4,28.355,13.969208055555557,0,,0.1589609198083131,0,0.4063072981684274,0
1117,2024-10-25,train,69.648,4,17.412,32.225501666666666,0,,0.8239125264177578,0,0.5198500420199988,1
1117,2024-10-26,train,65.756,3,21.918666666666667,17.432077222222222,0,,0.1500909088900671,0,0.4219025475234275,0
1117,2024-10-27,train,73.632,10,7.363200000000001,22.017577222222226,0,,0.63303597411802,0,0.5066930717728679,1
1117,2024-10-28,train,179.036,2,89.518,16.247726666666665,0,,0.1213214450953097,0,0.41132963233186287,0
1117,2024-10-29,train,24.717,1,24.717,14.294335277777778,0,,0.27925539358664053,0,0.487134944424412,0
1117,2024-10-30,test,116.683,2,58.3415,23.776412222222223,0,,0.13584100372091956,0,0.4519021244124437,0
1117,2024-10-31,test,27.823,1,27.823,10.947985833333334,0,,0.4104394126736117,0,0.48190602757059015,0
1117,2024-11-01,test,151.71800000000002,3,50.57266666666667,23.19347972222222,0,,0.08476613314553078,0,0.43589041308861654,0
1117,2024-11-02,test,77.957,2,38.9785,22.65297861111111,0,,0.13373364614993705,0,0.4549246116564778,0
1117,2024-11-03,test,65.18900000000001,1,65.18900000000001,18.717861111111112,0,,0.14005113510968772,0,0.45556816163813474,0
1117,2024-11-04,test,77.90599999999999,2,38.953,20.962888055555556,0,,0.09629853693880296,0,0.4405446546913284,0
1117,2024-11-05,test,109.058,2,54.529,17.97640638888889,0,,0.05320210881997988,0,0.4217113679122905,0
1117,2024-11-06,test,62.564,3,20.854666666666667,23.98681361111111,0,,0.253411559005935,0,0.46382163183690794,0
1117,2024-11-07,test,0.941,1,0.941,10.3427275,0,,0.6606397027814757,0,0.5641052336801197,1
1120,2024-10-11,train,129.066,7,18.438,4.022356666666667,0,,0.7227172274576723,0,0.46955027777245467,0
1120,2024-10-12,train,403.742,12,33.64516666666667,13.462110555555554,0,,0.3207078826694169,0,0.4065283272982911,0
1120,2024-10-13,train,409.395,11,37.217727272727274,14.0675925,0,,0.22709580395934556,0,0.3982380495503174,0
1120,2024-10-14,train,448.424,9,49.824888888888886,13.687218888888887,0,,0.07246434383978964,0,0.38270136762699586,0
1120,2024-10-16,train,135.786,2,67.893,37.602925,0,,1.3248027099997741,0,0.5193805231925576,1
1120,2024-10-17,train,556.669,7,79.52414285714285,14.897669444444444,0,,0.014447590881192289,0,0.38173445034907,0
1120,2024-10-18,train,754.192,8,94.274,16.171914166666667,0,,0.08603971898078344,0,0.4120652088964791,0
1120,2024-10-19,train,294.169,4,73.54225,13.98355027777778,0,,0.02635011076415448,0,0.378156586827057,0
1120,2024-10-20,train,483.1830000000001,5,96.63660000000002,8.842746111111111,0,,0.11983856908970157,0,0.3917163870057354,0
1120,2024-10-21,train,542.503,8,67.812875,7.762188055555556,0,,0.10075684433179524,0,0.39050027337449805,0
1120,2024-10-22,train,442.551,8,55.318875,7.131218611111111,0,,0.17594743664799897,0,0.398873005610804,0
1120,2024-10-23,train,237.581,3,79.19366666666667,8.913357222222222,0,,0.13298663190376792,0,0.4017434937759961,0
1120,2024-10-24,train,91.133,4,22.78325,14.676873055555555,0,,0.1834160484166751,0,0.4135054762691953,0
1120,2024-10-25,train,256.056,7,36.57942857142857,9.891238333333334,0,,0.23086206001670442,0,0.3853165141186578,0
1120,2024-10-26,train,208.577,8,26.072125,8.904367500000001,0,,0.3964677197393969,0,0.4120120103735758,0
1120,2024-10-27,train,529.732,10,52.9732,11.926380833333331,0,,0.08526058303978024,0,0.38743635929524256,0
1120,2024-10-28,train,373.337,11,33.939727272727275,11.775108333333334,0,,0.3001017448389111,0,0.39497078834616167,0
1120,2024-10-29,train,247.677,20,12.38385,7.188428611111111,0,,1.720240393396338,0,0.5166042020333353,1
1120,2024-10-30,test,186.084,4,46.521,7.043444166666667,0,,0.2847020962405903,0,0.4254319261177395,0
1120,2024-10-31,test,324.459,5,64.8918,12.065783611111112,0,,0.039699744993050304,0,0.3749990681447259,0
1120,2024-11-01,test,245.655,3,81.885,9.250788611111112,0,,0.1230593006010517,0,0.39744037005558275,0
1120,2024-11-02,test,86.18700000000001,2,43.093500000000006,15.168889166666666,0,,0.114845691448198,0,0.41084255542253234,0
1120,2024-11-03,test,122.874,4,30.7185,15.980097222222222,0,,0.09599367758299662,0,0.401054785368179,0
1120,2024-11-04,test,503.033,16,31.4395625,13.4327925,0,,0.584918228257463,0,0.4474201257809774,0
1120,2024-11-05,test,276.896,4,69.224,12.132283333333334,0,,0.04451446914547454,0,0.380267845652037,0
1120,2024-11-06,test,81.865,7,11.695,8.021294166666667,0,,0.6074799759031901,0,0.47316950536766145,0
1120,2024-11-07,test,174.222,7,24.888857142857145,10.02998,0,,0.3455084296736144,0,0.4074060742272101,0
1122,2024-10-11,train,1629.5679999999998,26,62.6756923076923,2.4998122222222223,0,,0.4120538880066842,0,0.6776304746306597,1
1122,2024-10-12,train,1074.353,14,76.7395,9.214798888888888,0,,0.0330463616583543,0,0.4630627033207976,0
1122,2024-10-13,train,961.801,7,137.40014285714287,18.73715361111111,0,,0.642359008721674,0,0.47942775425948647,0
1122,2024-10-14,train,486.3560000000001,6,81.05933333333334,17.48371722222222,0,,0.03878306340336396,0,0.38675971111295665,0
1122,2024-10-16,train,290.965,4,72.74125,38.92607555555555,0,,1.486475651272368,0,0.4957349003389657,0
1122,2024-10-17,train,640.5050000000001,8,80.06312500000001,19.26053027777778,0,,0.06133541445196798,0,0.4125093222050361,0
1122,2024-10-18,train,644.479,6,107.41316666666668,15.143688888888889,0,,0.16973310321497864,0,0.401320421253057,0
1122,2024-10-19,train,808.983,7,115.569,13.009154722222222,0,,0.22692774483893866,0,0.4182812041659496,0
1122,2024-10-20,train,416.377,8,52.047125,29.03781944444444,0,,0.44172663957033403,0,0.45278601457304,0
1122,2024-10-21,train,768.758,5,153.7516,7.742718333333333,0,,0.6037251787979507,0,0.4616947461454518,0
1122,2024-10-22,train,835.7429999999999,8,104.467875,19.85802805555555,0,,0.2477455509487525,0,0.4487792513898094,0
1122,2024-10-23,train,668.189,5,133.6378,13.881112222222225,0,,0.41172564264203626,0,0.41825007074362375,0
1122,2024-10-24,train,363.662,7,51.95171428571429,20.57823666666667,0,,0.05013229685775299,0,0.4035682342284624,0
1122,2024-10-25,train,450.21400000000006,8,56.27675000000001,18.585806666666667,0,,0.030967371128511334,0,0.39582259196826347,0
1122,2024-10-26,train,303.907,7,43.41528571428571,15.03381,0,,0.06995012243600357,0,0.3789153811270717,0
1122,2024-10-27,train,1.553,1,1.553,19.249785,0,,0.4034000961599321,0,0.5639890576366936,1
1122,2024-10-28,train,651.675,9,72.40833333333333,27.42832638888889,0,,0.36739868715849217,0,0.4681938480438768,0
1122,2024-10-29,train,963.794,5,192.7588,13.735091111111112,0,,1.4487288612729075,0,0.4832004219387798,0
1122,2024-10-30,test,429.969,7,61.424142857142854,17.99778722222222,0,,0.011698860462191579,0,0.38119462517856056,0
1122,2024-10-31,test,561.0020000000001,7,80.14314285714286,16.856546944444446,0,,0.02729991869419513,0,0.388204511491898,0
1122,2024-11-01,test,851.9010000000001,4,212.97525,18.725302222222226,0,,2.101807516325322,0,0.5016297364622445,1
1122,2024-11-02,test,115.115,2,57.5575,21.84031361111111,0,,0.07895450791101313,0,0.43280885945108666,0
1122,2024-11-03,test,610.302,7,87.186,17.01568111111111,0,,0.057740081467308406,0,0.3880018232382995,0
1122,2024-11-04,test,1365.831,5,273.1662,12.111224444444446,0,,3.788988723108764,1,0.613773211125893,1
1122,2024-11-05,test,713.688,7,101.95542857142856,13.152180555555557,0,,0.11457391349007491,0,0.3965134529513551,0
1122,2024-11-06,test,302.508,12,25.209,17.630279722222223,0,,0.4406419248730244,0,0.4464851778555758,0
1122,2024-11-07,test,312.13,10,31.213,12.322951944444444,0,,0.2895004050872469,0,0.39382138749363726,0
1123,2024-10-20,train,0.125,1,0.125,13.460318888888887,0,,0.5138711340686909,0,0.5590429473217234,1
1123,2024-10-21,train,727.788,5,145.5576,22.114970833333334,0,,0.8750830752668761,0,0.48368239726819456,0
1123,2024-10-22,train,556.541,9,61.8378888888889,15.971259444444444,0,,0.013244635515652725,0,0.39164446935842223,0
1123,2024-10-23,train,386.827,5,77.3654,15.20265888888889,0,,0.017587602825451323,0,0.3716662359082722,0
1123,2024-10-24,train,298.78499999999997,4,74.69624999999999,12.328274722222222,0,,0.04445004604093988,0,0.3799137174925782,0
1123,2024-10-25,train,400.039,5,80.0078,14.365881666666668,0,,0.024129068159860226,0,0.37454170389774094,0
1123,2024-10-26,train,70.688,2,35.344,20.93478361111111,0,,0.11112619467168491,0,0.44042914047615267,0
1123,2024-10-27,train,1360.991,17,80.05829411764705,14.682028888888889,0,,0.013200238180692788,0,0.5619810823550784,1
1123,2024-10-28,train,57.257,1,57.257,17.251647777777777,0,,0.13723169031867313,0,0.4474106956440812,0
1123,2024-10-29,train,382.369,5,76.47380000000001,20.456897777777776,0,,0.069050707129063,0,0.40096084689140904,0
1123,2024-10-30,test,278.966,7,39.85228571428571,14.85714361111111,0,,0.0935500085102848,0,0.38406717547473174,0
1123,2024-10-31,test,102.394,2,51.197,23.195175277777775,0,,0.11919505527276068,0,0.4498163254101558,0
1123,2024-11-01,test,348.449,3,116.14966666666668,16.238788333333332,0,,0.25479183400898875,0,0.4096909704700252,0
1123,2024-11-02,test,59.108,1,59.108,22.415332222222226,0,,0.1588196912496211,0,0.4714856570361756,0
1123,2024-11-03,test,363.333,4,90.83325,15.10039222222222,0,,0.07031891174111118,0,0.37235265332627004,0
1123,2024-11-04,test,278.039,4,69.50975,19.580490833333336,0,,0.031614446575215976,0,0.397352365611648,0
1123,2024-11-05,test,415.726,2,207.863,15.698178333333336,0,,1.5815620688021426,0,0.5099950336185847,1
1123,2024-11-06,test,196.827,6,32.8045,20.976784722222224,0,,0.10598202808346124,0,0.42152507233009695,0
1123,2024-11-07,test,222.214,5,44.4428,11.09543888888889,0,,0.1302923190816508,0,0.38564731088926907,0
1124,2024-10-11,train,1034.795,33,31.357424242424244,2.7151574999999997,0,,2.399039463506235,1,0.6593318226474018,1
1124,2024-10-12,train,548.756,16,34.29725,5.055119444444444,0,,0.6808182565331138,0,0.4672745615748297,0
1124,2024-10-13,train,649.899,10,64.9899,11.208770833333332,0,,0.035277594447102406,0,0.39347415508253425,0
1124,2024-10-14,train,561.281,9,62.36455555555555,7.4601113888888895,0,,0.1249248328973626,0,0.3968368268234186,0
1124,2024-10-16,train,456.785,5,91.357,38.47125111111111,0,,1.5480537938834917,0,0.49612465534068495,0
1124,2024-10-17,train,597.985,7,85.42642857142857,19.67091888888889,0,,0.0960113390802908,0,0.4044138943350004,0
1124,2024-10-18,train,810.505,7,115.78642857142856,5.2257686111111115,0,,0.2849348060740623,0,0.45763421311011765,0
1124,2024-10-19,train,228.252,2,114.126,14.760862222222222,0,,0.24687189619340638,0,0.4218446763001258,0
1124,2024-10-20,train,1126.963,11,102.4511818181818,21.040854444444445,0,,0.2585592158400415,0,0.5428257502417917,1
1124,2024-10-21,train,721.706,8,90.21325,9.390995555555556,0,,0.07684550690590637,0,0.38843463971381526,0
1124,2024-10-22,train,820.491,11,74.5900909090909,14.977258055555556,0,,0.006044696073408791,0,0.4306108053461652,0
1124,2024-10-23,train,542.627,7,77.51814285714285,9.489325555555556,0,,0.056034136727853935,0,0.37827435866096787,0
1124,2024-10-24,train,448.912,6,74.81866666666667,12.191318888888889,0,,0.022850714882541114,0,0.37649278000939196,0
1124,2024-10-25,train,751.23,11,68.29363636363637,9.140842500000002,0,,0.05849364509041009,0,0.4035997683272906,0
1124,2024-10-26,train,575.813,12,47.98441666666667,10.950349722222224,0,,0.17150382612319579,0,0.40460756989538676,0
1124,2024-10-27,train,1029.04,19,54.16,6.7500922222222215,0,,0.3167146165350462,0,0.5160974733560514,1
1124,2024-10-28,train,410.672,4,102.668,11.94078138888889,0,,0.12490335854961745,0,0.389799190648331,0
1124,2024-10-29,train,533.795,14,38.128214285714286,13.2071,0,,0.3395745990342868,0,0.42528962548508964,0
1124,2024-10-30,test,491.233,12,40.936083333333336,10.331492222222224,0,,0.2680317841443981,0,0.40299848333008315,0
1124,2024-10-31,test,378.046,4,94.5115,8.366609444444444,0,,0.13862478353994437,0,0.39507570694435956,0
1124,2024-11-01,test,376.41,4,94.1025,10.1299375,0,,0.10703194721115741,0,0.38240047330749133,0
1124,2024-11-02,test,383.543,5,76.7086,11.17405638888889,0,,0.047495723285769065,0,0.37565896099126583,0
1124,2024-11-03,test,444.097,4,111.02425,9.508381666666669,0,,0.18365089117626066,0,0.4024722322920178,0
1124,2024-11-04,test,365.215,4,91.30375,14.227125277777777,0,,0.07026043179193943,0,0.3752194499794299,0
1124,2024-11-05,test,359.026,5,71.8052,16.10411611111111,0,,0.008250045450927682,0,0.3737481231772659,0
1124,2024-11-06,test,324.93399999999997,9,36.10377777777777,11.6195125,0,,0.21733073790831633,0,0.384234096844948,0
1124,2024-11-07,test,600.968,7,85.85257142857142,7.462194444444445,0,,0.10420307701108333,0,0.40086379542727074,0
1125,2024-10-11,train,149.90200000000002,15,9.993466666666668,2.638865833333333,0,,1.4028360145354757,0,0.5178114661788901,1
1125,2024-10-12,train,162.31,14,11.593571428571428,11.436703333333332,0,,0.9570339075142236,0,0.4743803225338008,0
1125,2024-10-13,train,517.8009999999999,13,39.830846153846146,14.560264722222223,0,,0.2644305257208593,0,0.42228188757669993,0
1125,2024-10-14,train,65.845,4,16.46125,12.069615555555556,0,,0.3337977389837753,0,0.4237451177697951,0
1125,2024-10-16,train,68.179,2,34.0895,47.496448888888885,0,,3.038551891678132,1,0.5832134757955382,1
1125,2024-10-18,train,244.688,9,27.187555555555555,39.03095166666667,0,,1.6821772946428617,0,0.5425632138382431,1
1125,2024-10-19,train,64.2,1,64.2,23.32386361111111,0,,0.1919905912438124,0,0.4758630371978009,0
1125,2024-10-20,train,65.219,3,21.739666666666665,10.943718333333331,0,,0.35050710196025925,0,0.4187082873732786,0
1125,2024-10-21,train,292.715,16,18.2946875,7.932394722222222,0,,1.0238553912002906,0,0.4580511168973287,0
1125,2024-10-22,train,125.147,3,41.715666666666664,15.602660833333331,0,,0.06592349112322995,0,0.3960749257262138,0
1125,2024-10-23,train,169.43,5,33.886,13.833773055555556,0,,0.12171224750891513,0,0.39473368910212,0
1125,2024-10-24,train,50.236,3,16.745333333333335,15.087951944444445,0,,0.23477790625531597,0,0.426607129906398,0
1125,2024-10-25,train,82.45700000000001,2,41.2285,20.38674138888889,0,,0.07992725147061369,0,0.4312745831387582,0
1125,2024-10-26,train,156.417,3,52.139,18.98245527777778,0,,0.011398143079349754,0,0.40491834207064514,0
1125,2024-10-27,train,614.636,21,29.26838095238095,16.67890277777778,0,,1.1072196881602865,0,0.5450011981104452,1
1125,2024-10-28,train,96.11,2,48.05500000000001,19.083960555555556,0,,0.05219721479750401,0,0.42497080322998426,0
1125,2024-10-29,train,69.696,2,34.848,10.844924722222222,0,,0.299836533734843,0,0.4333049792055822,0
1125,2024-10-30,test,174.268,6,29.044666666666668,14.608095,0,,0.15738281308421137,0,0.4001309929194893,0
1125,2024-10-31,test,147.334,3,49.111333333333334,16.774543611111113,0,,0.02689747638098253,0,0.39528055316128974,0
1125,2024-11-01,test,45.42700000000001,1,45.42700000000001,20.159988055555555,0,,0.12629342007782396,0,0.4626837837320781,0
1125,2024-11-02,test,113.805,3,37.935,19.514911666666663,0,,0.049116812596162254,0,0.41701008917713644,0
1125,2024-11-03,test,178.17,4,44.5425,8.774655000000001,0,,0.22248799022244797,0,0.4042622056132472,0
1125,2024-11-04,test,176.03300000000002,2,88.01650000000001,19.156603888888892,0,,0.13865427326006277,0,0.4269379773509855,0
1125,2024-11-05,test,176.622,6,29.437,17.16798222222222,0,,0.11904588490103127,0,0.4025801407362604,0
1125,2024-11-06,test,32.823,3,10.941,15.112885277777778,0,,0.29196176693218845,0,0.44861656797945765,0
1125,2024-11-07,test,106.428,4,26.607,5.414966944444445,0,,0.5637553026483287,0,0.4659027012636358,0
1127,2024-10-11,train,859.0319999999999,26,33.039692307692306,3.861317222222222,0,,1.4690645529992716,0,0.5772034868396055,1
1127,2024-10-12,train,769.1450000000001,23,33.441086956521744,5.371047222222223,0,,1.1511216305911922,0,0.5550243532132841,1
1127,2024-10-13,train,346.034,4,86.5085,15.607486666666668,0,,0.054572811033583316,0,0.375467929441158,0
1127,2024-10-14,train,305.578,4,76.3945,7.152509444444444,0,,0.16004407658506412,0,0.4139787534259697,0
1127,2024-10-16,train,104.581,3,34.86033333333334,48.161586666666665,0,,3.137193363791023,1,0.5726856365476711,1
1127,2024-10-17,train,857.432,3,285.8106666666667,9.687292222222222,0,,3.4280102880713925,1,0.6011168528520774,1
1127,2024-10-18,train,622.556,3,207.5186666666667,10.3571475,0,,1.4145243891261365,0,0.49625545224366985,0
1127,2024-10-19,train,1341.809,4,335.45225,15.352726666666666,0,,6.267750995885161,1,0.6581144079361749,1
1127,2024-10-20,train,1726.333,9,191.81477777777775,10.590124722222225,0,,1.8313340171611328,0,0.6143878820456598,1
1127,2024-10-21,train,1378.799,8,172.349875,11.787675277777778,0,,1.2000858652823523,0,0.5478716112907487,1
1127,2024-10-22,train,637.699,7,91.09985714285712,7.613761111111112,0,,0.1115334048393532,0,0.4055991322427994,0
1127,2024-10-23,train,671.55,4,167.8875,14.001734722222222,0,,0.8769218516227931,0,0.4460181403045216,0
1127,2024-10-24,train,537.103,9,59.67811111111111,13.468523333333334,0,,0.026335600246701445,0,0.37755864583128634,0
1127,2024-10-25,train,242.5,4,60.625,9.02099111111111,0,,0.13332252325348345,0,0.3860328054924614,0
1127,2024-10-26,train,706.809,6,117.8015,22.25565194444444,0,,0.4782027725879583,0,0.4555536924109519,0
1127,2024-10-27,train,699.096,13,53.77661538461538,8.498197222222222,0,,0.17608802606417032,0,0.4222957841174868,0
1127,2024-10-28,train,123.028,13,9.463692307692307,12.48945138888889,0,,0.8976360200594393,0,0.4838603268067552,0
1127,2024-10-29,train,251.058,3,83.68599999999999,7.673491111111111,0,,0.16593022942839872,0,0.412303235226715,0
1127,2024-10-30,test,201.238,3,67.07933333333334,19.97722083333333,0,,0.0309607540304122,0,0.4134239059531691,0
1127,2024-10-31,test,229.346,4,57.3365,20.690504166666667,0,,0.021679532140982137,0,0.4024310876545938,0
1127,2024-11-01,test,320.66599999999994,3,106.88866666666664,10.435435,0,,0.16054977136286447,0,0.40421492019726224,0
1127,2024-11-02,test,94.857,1,94.857,15.625650555555554,0,,0.25706611647439875,0,0.4672600005322613,0
1127,2024-11-03,test,653.156,6,108.85933333333332,24.552598055555556,0,,0.4620048845917503,0,0.4567144427382525,0
1127,2024-11-04,test,329.527,3,109.84233333333331,16.62335861111111,0,,0.20827273449410622,0,0.4034198079452953,0
1127,2024-11-05,test,495.165,3,165.05499999999998,14.591354999999998,0,,0.8024141973385506,0,0.45042743668185237,0
1127,2024-11-06,test,163.868,8,20.4835,5.072495,0,,0.6495917489346199,0,0.4542084730941327,0
1127,2024-11-07,test,277.433,7,39.63328571428571,11.940884444444444,0,,0.14719277476713072,0,0.38110688554244676,0
1129,2024-10-11,train,933.494,16,58.343374999999995,9.885104444444444,1,пневмония??,0.1442979564376934,0,0.46385633416800026,0
1129,2024-10-12,train,285.471,15,19.0314,6.410611388888889,1,пневмония??,0.961976210825743,0,0.4596772976457219,0
1129,2024-10-13,train,546.486,12,45.5405,16.2172,1,пневмония??,0.16118943285212559,0,0.41530604198703003,0
1129,2024-10-14,train,296.584,5,59.3168,17.188434722222222,1,пневмония??,0.002664763945390695,0,0.3797870657920047,0
1129,2024-10-16,train,190.041,3,63.347,39.868626388888885,1,пневмония??,1.6059461398531698,0,0.5073658524672934,1
1129,2024-10-17,train,615.086,5,123.0172,16.91722222222222,1,пневмония??,0.3493410745631931,0,0.4055431519637886,0
1129,2024-10-18,train,214.737,3,71.57900000000001,17.175369444444446,1,пневмония??,0.02284207978592765,0,0.39313838960963315,0
1129,2024-10-19,train,289.669,5,57.9338,16.796448333333334,1,пневмония??,0.0037462670387868637,0,0.37781792631668304,0
1129,2024-10-20,train,615.979,7,87.997,8.157098055555556,1,пневмония??,0.09335648956430627,0,0.3931900869770173,0
1129,2024-10-21,train,963.98,19,50.735789473684214,8.135513333333334,1,пневмония??,0.3551106881103096,0,0.5017984765182746,1
1129,2024-10-22,train,292.744,5,58.54880000000001,14.3345175,1,пневмония??,0.01831129872356027,0,0.37364238973627034,0
1129,2024-10-23,train,1227.746,8,153.46825,8.84453388888889,1,пневмония??,0.7620757071293424,0,0.5228547530172493,1
1129,2024-10-24,train,369.946,6,61.657666666666664,16.6304725,1,пневмония??,0.0019304550313285697,0,0.37200116916361786,0
1129,2024-10-25,train,259.277,4,64.81925,14.582986111111111,1,пневмония??,0.01498024176701633,0,0.3764087260044792,0
1129,2024-10-26,train,405.69000000000005,6,67.61500000000001,17.202611944444445,1,пневмония??,0.0050403414587665875,0,0.37714778932624343,0
1129,2024-10-27,train,761.64,13,58.58769230769231,7.820640833333334,1,пневмония??,0.14773252007444657,0,0.43001496681412993,0
1129,2024-10-28,train,173.096,6,28.849333333333337,18.809269166666667,1,пневмония??,0.11447029916279038,0,0.41076441984913437,0
1129,2024-10-29,train,381.538,5,76.30760000000001,17.679902777777777,1,пневмония??,0.027117957309144423,0,0.37974238206658933,0
1129,2024-10-30,test,289.491,7,41.35585714285714,16.27472388888889,1,пневмония??,0.07154696257828026,0,0.3819352599774152,0
1129,2024-10-31,test,263.015,2,131.5075,17.411683055555557,1,пневмония??,0.4461748386395936,0,0.44529935460252523,0
1129,2024-11-01,test,240.048,3,80.016,19.32289777777778,1,пневмония??,0.06646977660995229,0,0.3997606798578196,0
1129,2024-11-02,test,97.872,2,48.936,24.894245277777777,1,пневмония??,0.18709709134921124,0,0.4532346302289312,0
1129,2024-11-03,test,260.764,4,65.191,9.383974166666668,1,пневмония??,0.10983424530003232,0,0.38487693757434643,0
1129,2024-11-04,test,436.4059999999999,6,72.73433333333332,13.899282777777778,1,пневмония??,0.00837330670515871,0,0.37208500223957397,0
1129,2024-11-05,test,344.696,4,86.174,12.201916111111112,1,пневмония??,0.06256865970435817,0,0.3757557755760658,0
1129,2024-11-06,test,203.209,5,40.6418,19.728337777777774,1,пневмония??,0.03942223095697011,0,0.4040964390812439,0
1129,2024-11-07,test,85.869,4,21.46725,12.278309444444444,1,пневмония??,0.27400826720088506,0,0.41581705242625805,0
1133,2024-10-11,train,172.686,20,8.6343,3.365065,0,,2.0030898525496927,0,0.5379065942387599,1
1133,2024-10-12,train,564.139,20,28.20695,5.157554444444444,0,,1.122725495078808,0,0.5056498844479822,1
1133,2024-10-13,train,327.919,9,36.43544444444444,10.457358055555556,0,,0.24141335056114582,0,0.38749353540614195,0
1133,2024-10-14,train,610.453,9,67.82811111111111,8.636485833333333,0,,0.07737540943474697,0,0.3891825427682786,0
1133,2024-10-16,train,325.286,8,40.66075,38.79398472222222,0,,1.5213114420866065,0,0.518865933847798,1
1133,2024-10-17,train,143.068,3,47.68933333333334,17.90880472222222,0,,0.02014983312970292,0,0.39999823082795544,0
1133,2024-10-18,train,587.051,7,83.86442857142858,6.676403888888889,0,,0.1216870621686679,0,0.40683100338361416,0
1133,2024-10-19,train,420.393,7,60.05614285714286,11.436470833333331,0,,0.04672597871671006,0,0.3682143671336682,0
1133,2024-10-20,train,575.7909999999999,11,52.34463636363636,11.011559444444444,0,,0.11494814785166464,0,0.398543405173371,0
1133,2024-10-21,train,429.6,7,61.371428571428574,12.002509166666668,0,,0.03382876734132127,0,0.36574837850451875,0
1133,2024-10-22,train,574.059,8,71.757375,9.207757777777775,0,,0.05952709326148869,0,0.3823469481999313,0
1133,2024-10-23,train,498.838,6,83.13966666666667,11.433075555555556,0,,0.04103148696970739,0,0.37859289134609536,0
1133,2024-10-24,train,345.131,5,69.02619999999999,13.652356388888888,0,,0.015626890640300612,0,0.3775279221661218,0
1133,2024-10-25,train,448.727,5,89.74539999999999,14.126153055555555,0,,0.05528807689724593,0,0.3752430411975945,0
1133,2024-10-26,train,736.44,6,122.74,14.52709777777778,0,,0.3098113473893977,0,0.41565529014035474,0
1133,2024-10-27,train,303.453,13,23.34253846153846,9.17708388888889,0,,0.6358773604616835,0,0.433146080893383,0
1133,2024-10-28,train,347.353,10,34.7353,9.684956111111113,0,,0.30450964000325503,0,0.39554449787236085,0
1133,2024-10-29,train,320.87,8,40.10875,10.349799166666669,0,,0.1930795170176895,0,0.3830300108113685,0
1133,2024-10-30,test,364.568,4,91.142,11.319533055555556,0,,0.08410529804448122,0,0.3759382848315153,0
1133,2024-10-31,test,325.549,5,65.10979999999999,16.179630555555555,0,,0.0024141776257941405,0,0.37406175262969094,0
1133,2024-11-01,test,260.512,2,130.256,11.504871944444444,0,,0.3462146152016867,0,0.4422579895338258,0
1133,2024-11-02,test,84.858,2,42.429,13.569052222222224,0,,0.1594214453096436,0,0.416164038053608,0
1133,2024-11-03,test,168.464,2,84.232,18.34928111111111,0,,0.11188209456936914,0,0.42532830691963625,0
1133,2024-11-04,test,103.486,1,103.486,16.43896416666667,0,,0.3095547792287642,0,0.4828312677863008,0
1133,2024-11-05,test,504.758,7,72.10828571428571,20.310062777777777,0,,0.0527591689905956,0,0.40083606203636235,0
1133,2024-11-06,test,114.922,3,38.30733333333333,18.347341944444445,0,,0.045392585793783566,0,0.412483922235806,0
1133,2024-11-07,test,517.7439999999999,5,103.5488,8.352852777777779,0,,0.15328295293734065,0,0.39731472439992876,0
1134,2024-10-11,train,62.164,9,6.907111111111111,3.161823888888889,0,,1.0435396470394043,0,0.5073836815010675,1
1134,2024-10-12,train,552.112,20,27.6056,8.451925,0,,1.0669155135554753,0,0.49279048241210777,0
1134,2024-10-13,train,308.01599999999996,9,34.224,11.498935,0,,0.24032785819140468,0,0.3846891897637889,0
1134,2024-10-14,train,692.361,11,62.94190909090909,14.058603055555556,0,,0.023582401743057358,0,0.40772522192393734,0
1134,2024-10-16,train,195.80900000000003,4,48.95225000000001,40.0882275,0,,1.628736765850192,0,0.4935545542896745,0
1134,2024-10-17,train,898.644,9,99.84933333333332,7.775896111111111,0,,0.13877780382002197,0,0.44112712526154313,0
1134,2024-10-18,train,588.254,8,73.53175,12.933736111111113,0,,0.00816696895462672,0,0.37966231491836994,0
1134,2024-10-19,train,311.77700000000004,7,44.539571428571435,13.662734722222222,0,,0.08060788262831485,0,0.3800518765560113,0
1134,2024-10-20,train,465.811,5,93.1622,8.124842222222222,0,,0.12378002497298007,0,0.3930063569588535,0
1134,2024-10-21,train,471.103,16,29.4439375,14.947657222222222,0,,0.6317055246479815,0,0.46398293827426323,0
1134,2024-10-22,train,187.873,3,62.62433333333333,16.46741,0,,0.015387645344143898,0,0.3940853426163162,0
1134,2024-10-23,train,152.408,2,76.204,16.666101944444442,0,,0.07992693875447097,0,0.4195608210709589,0
1134,2024-10-24,train,359.851,10,35.9851,19.10834583333333,0,,0.20027008322790227,0,0.4151017808958831,0
1134,2024-10-25,train,174.76999999999998,2,87.38499999999999,9.149072222222223,0,,0.20005123138686945,0,0.42902353667705234,0
1134,2024-10-26,train,457.591,9,50.84344444444445,20.552873333333338,0,,0.08777063420194278,0,0.41702449848994755,0
1134,2024-10-27,train,350.879,8,43.859875,12.85826138888889,0,,0.10850485042047162,0,0.38003638979806187,0
1134,2024-10-28,train,161.45800000000003,7,23.065428571428576,13.376989444444444,0,,0.26657416771509945,0,0.4081411607243406,0
1134,2024-10-29,train,101.596,3,33.86533333333333,6.712621944444444,0,,0.4560240446966745,0,0.4557343686097883,0
1134,2024-10-30,test,168.564,4,42.141,20.073412777777776,0,,0.026587580795495655,0,0.4060878703855943,0
1134,2024-10-31,test,129.409,5,25.8818,21.09629138888889,0,,0.12949997607628258,0,0.4430434577654856,0
1134,2024-11-01,test,214.617,5,42.9234,19.05078138888889,0,,0.029247286417472994,0,0.39505031588547984,0
1134,2024-11-02,test,93.79,3,31.263333333333332,13.213165555555555,0,,0.1831239128460696,0,0.4068186207907062,0
1134,2024-11-03,test,178.519,2,89.2595,13.368526944444444,0,,0.12886172836589044,0,0.4144997270129192,0
1134,2024-11-04,test,283.547,10,28.3547,15.83007388888889,0,,0.2834288317318713,0,0.4037980522903325,0
1134,2024-11-05,test,283.13599999999997,6,47.18933333333333,14.643406111111112,0,,0.04729207350502616,0,0.37649827538498515,0
1134,2024-11-06,test,58.838,5,11.7676,15.566220833333333,0,,0.27588856696827807,0,0.4390075180437386,0
1134,2024-11-07,test,299.87199999999996,7,42.83885714285714,14.48241111111111,0,,0.0794857348487385,0,0.37819422123807567,0
1135,2024-10-11,train,297.75100000000003,5,59.5502,3.944946666666667,0,,0.3335371436881496,0,0.4218800236099539,0
1135,2024-10-12,train,1212.853,16,75.8033125,13.299255,0,,0.01794930237113609,0,0.5162649515452192,1
1135,2024-10-13,train,348.92999999999995,3,116.31,12.31247,0,,0.21176776186101906,0,0.41375251078738934,0
1135,2024-10-14,train,356.997,7,50.99957142857143,12.464978333333333,0,,0.06506761593531717,0,0.37612374805197,0
1135,2024-10-16,train,77.642,1,77.642,40.36394055555555,0,,1.8221158566497255,0,0.5613498296786449,1
1135,2024-10-17,train,290.38,6,48.39666666666667,16.963838055555556,0,,0.025387828279892843,0,0.38066739880828077,0
1135,2024-10-18,train,895.729,6,149.28816666666668,13.012381111111113,0,,0.6437444982066213,0,0.4503081578755422,0
1135,2024-10-19,train,135.754,2,67.877,9.587560833333333,0,,0.20496320179675376,0,0.4329644258358456,0
1135,2024-10-20,train,1225.7320000000002,6,204.2886666666667,23.22651,0,,2.430234656203125,1,0.5933935748577412,1
1135,2024-10-21,train,698.1659999999999,9,77.574,9.793405,0,,0.04162202611817742,0,0.38987935862413753,0
1135,2024-10-22,train,416.697,8,52.087125,15.70948861111111,0,,0.03573209250662886,0,0.382453003555373,0
1135,2024-10-23,train,376.365,5,75.273,10.350038333333334,0,,0.06185595216194226,0,0.3770996549629654,0
1135,2024-10-24,train,129.064,2,64.532,14.842475277777778,0,,0.08299835375165601,0,0.41270954858077036,0
1135,2024-10-25,train,221.901,2,110.9505,20.375834722222223,0,,0.327334814503027,0,0.437909714129431,0
1135,2024-10-26,train,305.624,5,61.12480000000001,11.304649166666668,0,,0.06205632075097803,0,0.3749241713638302,0
1135,2024-10-27,train,668.657,27,24.765074074074075,10.598407222222225,0,,2.010071038827072,0,0.563994455592975,1
1135,2024-10-28,train,302.094,3,100.698,12.458875833333334,0,,0.12020574769974174,0,0.3959518763163113,0
1135,2024-10-29,train,297.092,6,49.51533333333333,14.109642777777776,0,,0.04442723255031944,0,0.3766538262809128,0
1135,2024-10-30,test,227.153,3,75.71766666666667,7.278375833333333,0,,0.18937099842950467,0,0.4248204084457098,0
1135,2024-10-31,test,622.339,8,77.792375,13.330976111111111,0,,0.009312328747272442,0,0.38738528987754295,0
1135,2024-11-01,test,318.549,4,79.63725,13.740629166666666,0,,0.03692055407668006,0,0.3801109997692232,0
1135,2024-11-02,test,142.48399999999998,2,71.24199999999999,15.1591825,0,,0.0809935831909465,0,0.4129565077707021,0
1135,2024-11-03,test,327.096,3,109.032,15.932846111111113,0,,0.1907800574785861,0,0.40075958531165207,0
1135,2024-11-04,test,343.463,3,114.48766666666668,19.541405555555556,0,,0.320121123578993,0,0.42112551541979726,0
1135,2024-11-05,test,298.5,4,74.625,9.11738361111111,0,,0.10497017777723978,0,0.3890988288427585,0
1135,2024-11-06,test,217.244,5,43.4488,7.332173888888889,0,,0.2715435501913845,0,0.41017131290502556,0
1135,2024-11-07,test,459.295,7,65.61357142857142,12.681650277777775,0,,0.01693550425680569,0,0.3723899496407087,0
1136,2024-10-11,train,127.94,11,11.630909090909093,3.7308175,0,,1.0116779492383863,0,0.4943718358385694,0
1136,2024-10-12,train,145.909,7,20.844142857142856,9.413701388888889,0,,0.4142374568334587,0,0.4225490549596592,0
1136,2024-10-13,train,110.825,3,36.94166666666667,17.267130833333333,0,,0.05782966029572885,0,0.4032351641711206,0
1136,2024-10-14,train,88.371,5,17.6742,9.68832777777778,0,,0.4183434747884971,0,0.43254460144895185,0
1136,2024-10-16,train,339.222,6,56.537,48.92514416666667,0,,3.217211626798776,1,0.5647435245798758,1
1136,2024-10-17,train,347.38,6,57.89666666666667,14.750859166666666,0,,0.012358252211172586,0,0.37258368209929504,0
1136,2024-10-18,train,306.60299999999995,3,102.20099999999998,11.84747,0,,0.12955574252724522,0,0.39925758692599783,0
1136,2024-10-19,train,170.30499999999998,3,56.76833333333333,16.341685,0,,0.019072831676350384,0,0.39175825296296674,0
1136,2024-10-20,train,238.49,6,39.748333333333335,12.433004166666668,0,,0.12854610750103762,0,0.3847511400088148,0
1136,2024-10-21,train,263.67,7,37.667142857142856,16.742416944444443,0,,0.09078738490632618,0,0.38980948192200277,0
1136,2024-10-22,train,163.05,6,27.175,15.188475555555556,0,,0.1606877421807869,0,0.40459778274474717,0
1136,2024-10-23,train,190.406,3,63.46866666666667,10.3529925,0,,0.11911079231246245,0,0.3914012703932569,0
1136,2024-10-24,train,29.846000000000004,1,29.846000000000004,15.933933055555556,0,,0.2019292871346118,0,0.47985647479397686,0
1136,2024-10-25,train,248.42400000000004,7,35.48914285714286,18.741025555555556,0,,0.10142349164778666,0,0.4017532470142099,0
1136,2024-10-26,train,154.47299999999998,8,19.309125,9.57412,0,,0.4623653293866995,0,0.4275335221689479,0
1136,2024-10-27,train,537.668,21,25.603238095238098,16.776241111111112,0,,1.2538389257383415,0,0.5360272286329842,1
1136,2024-10-28,train,90.62,2,45.31,16.58380888888889,0,,0.080895205427254,0,0.4143069508355089,0
1136,2024-10-29,train,40.759,1,40.759,23.43135,0,,0.21043729211058432,0,0.4902854645147736,0
1136,2024-10-30,test,88.562,3,29.520666666666667,17.913094722222223,0,,0.09251267319670646,0,0.41446931650584323,0
1136,2024-10-31,test,114.901,3,38.300333333333334,17.380043055555554,0,,0.05092611497038665,0,0.40661106169078853,0
1136,2024-11-01,test,149.838,3,49.946,9.93496722222222,0,,0.1861836554786795,0,0.40017036692812413,0
1136,2024-11-02,test,144.56900000000002,3,48.189666666666675,16.359019166666666,0,,0.03371188355939145,0,0.39541731260740487,0
1136,2024-11-03,test,74.16,2,37.08,12.407745555555556,0,,0.22342759063592776,0,0.42370662036771,0
1136,2024-11-04,test,179.716,5,35.943200000000004,21.167719166666668,0,,0.07383493426344856,0,0.42020720690437574,0
1136,2024-11-05,test,189.727,3,63.242333333333335,16.113824722222223,0,,0.01742115213151856,0,0.38954973672275717,0
1136,2024-11-06,test,98.943,4,24.73575,16.782589166666668,0,,0.12325287837325408,0,0.41513368023473235,0
1136,2024-11-07,test,196.908,8,24.6135,12.00261,0,,0.31435584334634625,0,0.4054832233724812,0
1137,2024-10-11,train,655.3870000000001,6,109.23116666666668,6.711379444444445,0,,0.2053674328010281,0,0.4350812569060838,0
1137,2024-10-12,train,821.2919999999999,10,82.1292,11.519623888888889,0,,0.019045908966606098,0,0.419327561057349,0
1137,2024-10-13,train,276.316,3,92.10533333333332,11.877188333333333,0,,0.09195285459698127,0,0.38745080393993614,0
1137,2024-10-14,train,387.129,3,129.043,13.307015277777776,0,,0.32614070286853963,0,0.42751871846121775,0
1137,2024-10-16,train,378.854,3,126.28466666666668,49.64222083333333,0,,3.952401358685238,1,0.5941904807778063,1
1137,2024-10-17,train,568.285,8,71.035625,15.546131944444443,0,,0.0012876601228122137,0,0.3865360158144205,0
1137,2024-10-18,train,595.034,6,99.17233333333331,10.189643055555557,0,,0.10714669399014509,0,0.3928705124224785,0
1137,2024-10-19,train,221.563,2,110.7815,8.156732222222223,0,,0.26629736252371117,0,0.4479911986839245,0
1137,2024-10-20,train,287.75199999999995,5,57.55039999999999,23.70621722222222,0,,0.09806660978799735,0,0.42120622488684295,0
1137,2024-10-21,train,382.449,5,76.4898,16.711746944444442,0,,0.02017002508350458,0,0.376194055322947,0
1137,2024-10-22,train,1387.324,11,126.12036363636363,7.14995,0,,0.4242962357229127,0,0.5705337823915905,1
1137,2024-10-23,train,628.183,3,209.39433333333332,15.38878361111111,0,,1.6850664043839,0,0.480312515248668,0
1137,2024-10-24,train,287.812,3,95.93733333333334,21.170287777777776,0,,0.20389651553552107,0,0.4162234473822958,0
1137,2024-10-25,train,294.682,3,98.22733333333332,19.0843975,0,,0.16782471087857648,0,0.4059798502408313,0
1137,2024-10-26,train,1085.808,6,180.968,14.162703055555555,0,,1.2869038457821698,0,0.5006693051361505,1
1137,2024-10-27,train,400.452,5,80.0904,15.719326944444443,0,,0.0254966358763546,0,0.3735096522656579,0
1137,2024-10-28,train,180.342,5,36.0684,17.11390888888889,0,,0.05974740479235356,0,0.3965237167067648,0
1137,2024-10-29,train,101.512,3,33.83733333333333,23.00576444444444,0,,0.1323967128682495,0,0.4479416947277248,0
1137,2024-10-30,test,387.772,6,64.62866666666666,16.86241861111111,0,,0.0019840439390354228,0,0.37296176088436844,0
1137,2024-10-31,test,831.3219999999999,6,138.55366666666666,17.390450833333333,0,,0.5859594234191022,0,0.44228972014476226,0
1137,2024-11-01,test,166.886,2,83.443,12.191640277777775,0,,0.13224924765072135,0,0.41949992153687116,0
1137,2024-11-02,test,288.269,3,96.08966666666667,17.558959722222223,0,,0.1252357790833995,0,0.3982841055052641,0
1137,2024-11-03,test,229.099,3,76.36633333333333,10.324953333333331,0,,0.09903734256224497,0,0.39166908038431386,0
1137,2024-11-04,test,382.748,3,127.58266666666668,17.884825,0,,0.4076480731524173,0,0.42826920459519113,0
1137,2024-11-05,test,242.403,2,121.2015,16.01682027777778,0,,0.317044832825222,0,0.425606704482953,0
1137,2024-11-06,test,208.577,7,29.796714285714284,10.55315888888889,0,,0.2764205247017191,0,0.39183519635520164,0
1137,2024-11-07,test,474.625,10,47.4625,10.723946111111111,0,,0.14791431507056815,0,0.38913537054343644,0
1138,2024-10-11,train,112.07,3,37.35666666666667,4.840649166666666,0,,0.5358310417051428,0,0.46299840917681734,0
1138,2024-10-12,train,268.733,8,33.591625,11.179674444444444,0,,0.23389060045460874,0,0.3838987352830415,0
1138,2024-10-13,train,190.85700000000003,3,63.61900000000001,19.60216833333333,0,,0.020314035408504908,0,0.40685309994012187,0
1138,2024-10-14,train,151.369,4,37.84225,16.61069583333333,0,,0.04899048581166634,0,0.4000063003352871,0
1138,2024-10-16,train,86.22899999999998,2,43.11449999999999,39.06468138888889,0,,1.5353254341948994,0,0.5248898605223664,1
1138,2024-10-17,train,433.061,5,86.6122,17.077399444444445,0,,0.0605211014987768,0,0.3795627896058905,0
1138,2024-10-18,train,520.746,5,104.1492,17.520878888888888,0,,0.17920113117375447,0,0.39184908606577545,0
1138,2024-10-19,train,333.061,1,333.061,22.23206777777778,0,,6.06899982874031,1,0.6373528030981984,1
1138,2024-10-20,train,659.2239999999999,4,164.80599999999998,25.67054527777778,0,,1.440233036724355,0,0.5072715667013816,1
1138,2024-10-21,train,710.402,4,177.6005,10.960692777777778,0,,0.9563125325077769,0,0.4640368278898662,0
1138,2024-10-22,train,546.237,6,91.0395,18.582586666666668,0,,0.10527953569271156,0,0.39294345134329717,0
1138,2024-10-23,train,212.985,3,70.995,9.097368333333334,0,,0.13885562190613307,0,0.40081058635199956,0
1138,2024-10-24,train,186.865,5,37.373000000000005,18.879971666666663,0,,0.046381566757735075,0,0.40709266602229427,0
1138,2024-10-25,train,347.95,7,49.707142857142856,6.714248333333334,0,,0.23696871323583496,0,0.40995771462689906,0
1138,2024-10-26,train,634.415,4,158.60375,18.74683611111111,0,,0.9048897787429647,0,0.4498136974586204,0
1138,2024-10-27,train,430.936,4,107.734,7.841207777777778,0,,0.18975328559029567,0,0.41154622454946904,0
1138,2024-10-28,train,230.137,2,115.0685,17.054598888888886,0,,0.28415632241326694,0,0.4264886936974928,0
1138,2024-10-29,train,459.386,3,153.12866666666665,17.77272472222222,0,,0.7374753784135928,0,0.4574615543279711,0
1138,2024-10-30,test,198.05900000000003,3,66.01966666666668,11.08035888888889,0,,0.0935309150579231,0,0.3920514470800996,0
1138,2024-10-31,test,250.837,4,62.70925,17.285779444444444,0,,0.005003711868375941,0,0.3810275263715722,0
1138,2024-11-01,test,380.97,3,126.99,23.42535305555555,0,,0.6224093177219518,0,0.4603732346116278,0
1138,2024-11-02,test,192.113,2,96.0565,16.655676944444444,0,,0.1533209422794442,0,0.4167860260282574,0
1138,2024-11-03,test,366.28,4,91.57,15.602658333333332,0,,0.07621534172792403,0,0.37622908976482794,0
1138,2024-11-04,test,287.058,3,95.686,8.906300555555555,0,,0.14424988807872513,0,0.4075251936921024,0
1138,2024-11-05,test,234.323,4,58.580749999999995,15.352099166666669,0,,0.010230254930500518,0,0.3736829749363748,0
1138,2024-11-06,test,42.004000000000005,1,42.004000000000005,23.53248111111111,0,,0.21031049198638269,0,0.4900410729686955,0
1138,2024-11-07,test,219.709,3,73.23633333333333,14.035422777777775,0,,0.0375371559293312,0,0.3870437895073122,0
1139,2024-10-11,train,599.197,14,42.79978571428571,2.9541952777777776,0,,0.5209884993850358,0,0.4735873043395676,0
1139,2024-10-12,train,461.848,8,57.731,10.36166,0,,0.0749810942208459,0,0.37521674965489116,0
1139,2024-10-13,train,432.845,4,108.21125,8.705005,0,,0.17865582970992058,0,0.40410160667329753,0
1139,2024-10-14,train,491.457,11,44.67790909090909,11.055746111111112,0,,0.18562919562054986,0,0.3959760700388512,0
1139,2024-10-16,train,44.79599999999999,5,8.9592,40.840959722222216,0,,2.014705185287462,0,0.5639473850077892,1
1139,2024-10-17,train,395.636,18,21.97977777777778,9.056400555555555,0,,1.0751343246308251,0,0.48307228835699184,0
1139,2024-10-18,train,888.5,14,63.464285714285715,6.874391111111112,0,,0.13730388028624702,0,0.458617331273302,0
1139,2024-10-19,train,261.65000000000003,3,87.21666666666668,13.136656666666669,0,,0.06820816628043737,0,0.3843206062699074,0
1139,2024-10-20,train,1179.112,8,147.389,21.618868055555556,0,,0.9880683642041398,0,0.5461920387137534,1
1139,2024-10-21,train,1594.418,15,106.29453333333332,10.498489444444443,0,,0.18643601799065726,0,0.6072922100428976,1
1139,2024-10-22,train,596.235,2,298.1175,15.019828888888888,0,,3.999291212817172,1,0.5952028414224365,1
1139,2024-10-23,train,853.794,4,213.4485,22.794343611111113,0,,2.4176598037391095,1,0.5380148130040531,1
1139,2024-10-24,train,83.118,2,41.559,11.589542222222224,0,,0.230380742730945,0,0.41867571403796394,0
1139,2024-10-25,train,236.977,4,59.24425,19.061431111111112,0,,0.008825982719491473,0,0.3883080713775955,0
1139,2024-10-26,train,258.31100000000004,6,43.05183333333334,15.416349444444444,0,,0.05732699368877097,0,0.3787679632999695,0
1139,2024-10-27,train,1066.181,13,82.01392307692308,13.428103888888888,0,,0.014106105618720464,0,0.4725631163790536,0
1139,2024-10-28,train,368.058,5,73.6116,18.910811388888888,0,,0.032917681624737676,0,0.3839233685360814,0
1139,2024-10-29,train,385.7,9,42.855555555555554,14.974086666666668,0,,0.10912262916940153,0,0.38551955375966745,0
1139,2024-10-30,test,232.436,4,58.108999999999995,10.771310555555557,0,,0.08987138712195068,0,0.37914404447723105,0
1139,2024-10-31,test,370.305,10,37.0305,12.948084722222225,0,,0.21069465308166635,0,0.38972100658687503,0
1139,2024-11-01,test,96.326,2,48.163,9.31256972222222,0,,0.28937636044063525,0,0.4327988204824198,0
1139,2024-11-02,test,257.001,3,85.66699999999999,19.400489722222225,0,,0.0949252867271562,0,0.3974299118845731,0
1139,2024-11-03,test,179.66,3,59.88666666666666,20.90685638888889,0,,0.02921004489839961,0,0.41527114939679677,0
1139,2024-11-04,test,450.0019999999999,4,112.5005,16.268412777777776,0,,0.22337292620307506,0,0.3956717551256078,0
1139,2024-11-05,test,750.7,6,125.11666666666667,17.982688888888887,0,,0.41469608425729737,0,0.43107579977700566,0
1139,2024-11-06,test,281.766,11,25.61509090909091,11.367528333333333,0,,0.4324086965242005,0,0.40759797712953094,0
1139,2024-11-07,test,245.061,5,49.0122,9.371008055555556,0,,0.1604506498906112,0,0.3883127684532638,0
1140,2024-10-11,train,1170.187,20,58.50935,2.842045833333333,0,,0.36984480832668976,0,0.5772266204941577,1
1140,2024-10-12,train,1330.554,30,44.3518,3.660758333333334,0,,1.2177828721314317,0,0.6596700603481576,1
1140,2024-10-13,train,444.48,5,88.896,16.02510361111111,0,,0.0607944869424503,0,0.3771415440558099,0
1140,2024-10-14,train,364.318,5,72.86359999999999,13.32575777777778,0,,0.019474633857558953,0,0.3750353189393221,0
1140,2024-10-16,train,602.6220000000001,4,150.65550000000002,43.83662138888889,0,,3.291777774001132,1,0.5782946858163851,1
1140,2024-10-17,train,355.572,9,39.508,8.136069722222222,0,,0.2776067751677345,0,0.4036982865073475,0
1140,2024-10-18,train,583.816,13,44.90892307692308,9.797740833333332,0,,0.2515399359502899,0,0.4137197433494911,0
1140,2024-10-19,train,397.436,2,198.718,18.759086666666665,0,,1.5721629582607337,0,0.5109315187836954,1
1140,2024-10-20,train,547.29,10,54.729,5.860907777777777,0,,0.2213452740261081,0,0.41913712235451567,0
1140,2024-10-21,train,487.62,9,54.18,12.95175888888889,0,,0.05586049060032998,0,0.3830507524662889,0
1140,2024-10-22,train,278.19599999999997,6,46.36599999999999,16.64195861111111,0,,0.033502274741182746,0,0.3829453632417079,0
1140,2024-10-23,train,254.838,2,127.419,24.155999722222223,0,,0.663850895096171,0,0.47171439267144966,0
1140,2024-10-24,train,543.935,5,108.787,12.235771944444446,0,,0.15645967444971998,0,0.39143107269976163,0
1140,2024-10-25,train,792.9259999999999,7,113.27514285714284,19.136076944444444,0,,0.3168446279187681,0,0.43551806357278855,0
1140,2024-10-27,train,1053.408,12,87.78399999999999,30.891794166666667,0,,0.8052371978710791,0,0.5790002998284283,1
1140,2024-10-28,train,667.241,5,133.4482,9.16483722222222,0,,0.36460092450180626,0,0.42892509295940706,0
1140,2024-10-29,train,500.765,5,100.153,9.266112222222224,0,,0.12618108537454084,0,0.3884283317946102,0
1140,2024-10-30,test,497.7289999999999,4,124.43224999999998,13.31526722222222,0,,0.2871289937955426,0,0.41062859171803295,0
1140,2024-10-31,test,263.84,6,43.97333333333333,17.76932888888889,0,,0.03879486474633792,0,0.3871688333464066,0
1140,2024-11-01,test,120.065,2,60.0325,12.005848333333333,0,,0.14836741649846066,0,0.41606662332086836,0
1140,2024-11-02,test,106.331,3,35.443666666666665,17.319274444444446,0,,0.0642601694444257,0,0.40405671579002017,0
1140,2024-11-03,test,424.071,6,70.6785,20.803430277777775,0,,0.055843473780261055,0,0.39906405900176134,0
1140,2024-11-04,test,323.73,5,64.74600000000001,13.5382125,0,,0.0188957197556475,0,0.37593384461428864,0
1140,2024-11-05,test,575.492,5,115.0984,13.248606666666666,0,,0.21034601134900688,0,0.3981363275732433,0
1140,2024-11-06,test,329.61,11,29.964545454545455,9.825199444444443,0,,0.39946378318124,0,0.4041055973475598,0
1140,2024-11-07,test,292.98699999999997,10,29.298699999999997,8.572089166666666,0,,0.41316360017106835,0,0.41006402436545053,0
1141,2024-10-11,train,45.955,3,15.318333333333332,7.010713333333333,0,,0.6399908401685301,0,0.4831391115203348,0
1141,2024-10-12,train,505.058,13,38.85061538461538,7.308318333333333,0,,0.40139414169845944,0,0.4328113797036433,0
1141,2024-10-13,train,379.479,8,47.434875,15.789761666666667,0,,0.057184496413638854,0,0.3770547330874308,0
1141,2024-10-14,train,334.13,8,41.76625,15.353006111111112,0,,0.093780556311849,0,0.3824323734874188,0
1141,2024-10-16,train,175.695,5,35.138999999999996,39.32039888888889,0,,1.562998381387258,0,0.5124191823931733,1
1141,2024-10-17,train,561.302,13,43.177076923076925,10.03609111111111,0,,0.2702946430278461,0,0.41132785464741367,0
1141,2024-10-18,train,561.889,6,93.64816666666668,14.205239722222222,0,,0.07137297539912293,0,0.38440422157317217,0
1141,2024-10-19,train,487.37,7,69.62428571428572,11.088465555555556,0,,0.032587322683151655,0,0.3749463077952421,0
1141,2024-10-20,train,292.08500000000004,9,32.45388888888889,6.065511944444444,0,,0.4449980116411718,0,0.41823269538983454,0
1141,2024-10-21,train,906.808,21,43.181333333333335,15.352943888888888,0,,0.6260216215128749,0,0.5630043401328891,1
1141,2024-10-22,train,171.289,8,21.411125,6.702818055555555,0,,0.5548744394298267,0,0.43650574982381474,0
1141,2024-10-23,train,456.003,7,65.14328571428571,7.325261388888888,0,,0.13048151166899008,0,0.39715044724237786,0
1141,2024-10-25,train,326.349,3,108.783,41.45560388888889,0,,2.1658841253333097,0,0.529763698017609,1
1141,2024-10-26,train,268.531,3,89.51033333333334,19.585853055555553,0,,0.1202121522232458,0,0.4023124083079537,0
1141,2024-10-27,train,302.775,15,20.185,8.157624444444444,0,,0.8785108430659911,0,0.45059470830273135,0
1141,2024-10-28,train,298.247,4,74.56175,11.343505277777778,0,,0.058835329976123826,0,0.37907566512742646,0
1141,2024-10-29,train,349.06100000000004,12,29.08841666666667,17.57356138888889,0,,0.37731882238827164,0,0.43617375765788496,0
1141,2024-10-30,test,202.554,9,22.506,7.340939166666667,0,,0.5367301828115987,0,0.43195916964285797,0
1141,2024-10-31,test,402.223,13,30.94023076923077,14.54025638888889,0,,0.40545097168207256,0,0.4230533528326156,0
1141,2024-11-01,test,121.947,2,60.9735,16.64684666666667,0,,0.06257380057423863,0,0.4156425155854082,0
1141,2024-11-02,test,77.21000000000001,2,38.605,20.74436194444444,0,,0.09427200033127588,0,0.4395540968196102,0
1141,2024-11-03,test,144.207,5,28.8414,16.043114444444445,0,,0.1121621864244336,0,0.4036015602012348,0
1141,2024-11-04,test,282.555,4,70.63875,17.58701888888889,0,,0.017169606943794435,0,0.3862775163167512,0
1141,2024-11-05,test,207.488,2,103.744,11.322524444444444,0,,0.1944808336752722,0,0.4190987890392833,0
1141,2024-11-06,test,188.132,10,18.8132,17.26560111111111,0,,0.4097272691594716,0,0.43599078270730995,0
1141,2024-11-07,test,100.219,4,25.05475,9.163508611111112,0,,0.37244448128655605,0,0.4291828822613607,0
1142,2024-10-11,train,288.55,17,16.973529411764705,4.133349444444445,0,,1.2763198211655062,0,0.48348609456487585,0
1142,2024-10-12,train,939.102,20,46.9551,3.208870555555555,0,,0.5986212379075707,0,0.532898800414513,1
1142,2024-10-13,train,405.617,6,67.60283333333334,9.230626944444444,0,,0.08172887856776172,0,0.3799338951522545,0
1142,2024-10-14,train,822.7909999999999,11,74.79918181818181,12.400564444444443,0,,0.005455676444918467,0,0.41775194832713486,0
1142,2024-10-16,train,179.305,8,22.413125,38.8844525,0,,1.6709180449021024,0,0.5439926280014334,1
1142,2024-10-17,train,597.967,9,66.44077777777778,12.19334,0,,0.019180830134488097,0,0.38043722615943926,0
1142,2024-10-18,train,319.09299999999996,6,53.18216666666666,9.7341125,0,,0.12043223300017239,0,0.38236391411332477,0
1142,2024-10-19,train,179.578,2,89.789,13.768718611111112,0,,0.12720389113349467,0,0.4126630298085059,0
1142,2024-10-20,train,526.298,5,105.2596,6.457676111111111,0,,0.19560977194941098,0,0.42171559374275447,0
1142,2024-10-21,train,607.104,10,60.71040000000001,11.949567777777778,0,,0.0419679119709279,0,0.3879359653636495,0
1142,2024-10-22,train,393.442,6,65.57366666666667,10.360979166666668,0,,0.05988060201312141,0,0.3718930123326184,0
1142,2024-10-23,train,278.435,7,39.776428571428575,11.188528333333332,0,,0.1648894006645672,0,0.3798800640094705,0
1142,2024-10-24,train,189.891,5,37.9782,10.45175861111111,0,,0.18936193749163785,0,0.39682832106223853,0
1142,2024-10-25,train,584.287,3,194.76233333333337,16.257126666666668,0,,1.4135343516778636,0,0.4661791394360757,0
1142,2024-10-26,train,513.518,5,102.7036,6.322888333333333,0,,0.18966825442793925,0,0.42085062283119734,0
1142,2024-10-27,train,1388.219,18,77.12327777777779,11.354874722222222,0,,0.028328579018561877,0,0.5682859586230725,1
1142,2024-10-28,train,630.041,9,70.00455555555556,11.866198333333331,0,,0.016645789082819287,0,0.3851117516865418,0
1142,2024-10-29,train,973.65,10,97.365,5.3410425,0,,0.17740896269997558,0,0.4822414524547106,0
1142,2024-10-30,test,657.006,9,73.00066666666666,5.277595833333334,0,,0.1567865512548891,0,0.4190437600765271,0
1142,2024-10-31,test,621.896,12,51.824666666666666,7.267470555555556,0,,0.22000942718186164,0,0.4290023778312367,0
1142,2024-11-01,test,302.605,5,60.521,9.421069722222224,0,,0.11174297871862252,0,0.3809391368970732,0
1142,2024-11-02,test,175.425,4,43.85625,16.597393888888888,0,,0.026836632391359035,0,0.3900994642239211,0
1142,2024-11-03,test,170.78400000000002,3,56.928,10.479193055555555,0,,0.1363221058837521,0,0.39277079325102204,0
1142,2024-11-04,test,445.51,6,74.25166666666667,7.951169166666666,0,,0.10349238196797761,0,0.3897535903018224,0
1142,2024-11-05,test,388.91,6,64.81833333333333,6.470303333333334,0,,0.1758099594303807,0,0.4054795843971666,0
1142,2024-11-06,test,256.791,7,36.68442857142857,13.219142777777776,0,,0.14255598283865273,0,0.38679415822115715,0
1142,2024-11-07,test,450.136,4,112.534,7.230948333333333,0,,0.22144052790288382,0,0.4273840593715235,0
1143,2024-10-11,train,168.616,14,12.044,4.750889722222222,0,,1.151984019839299,0,0.49466198310914533,0
1143,2024-10-12,train,814.349,28,29.08389285714286,4.031732777777777,0,,1.908880053501892,0,0.5886504521295953,1
1143,2024-10-13,train,460.373,7,65.76757142857143,11.68696472222222,0,,0.029006617178117488,0,0.37117712185005597,0
1143,2024-10-14,train,1214.667,6,202.4445,9.189772499999998,0,,1.6620988440346478,0,0.5434334674467335,1
1143,2024-10-16,train,347.423,4,86.85575,39.83837916666667,0,,1.6950160223703095,0,0.4920849144005313,0
1143,2024-10-17,train,229.77,4,57.4425,11.0363325,0,,0.08494223822598757,0,0.3767343932572471,0
1143,2024-10-18,train,588.846,5,117.7692,11.296823055555556,0,,0.22231438391838138,0,0.4036003098916015,0
1143,2024-10-19,train,438.971,4,109.74275,12.905229166666668,0,,0.16641634268561464,0,0.3934030244617764,0
1143,2024-10-20,train,610.528,6,101.75466666666668,8.175824166666667,0,,0.14323320245943574,0,0.40456180549171733,0
1143,2024-10-21,train,989.485,5,197.897,15.028874722222222,0,,1.6236548617183166,0,0.49484105884710966,0
1143,2024-10-22,train,1081.339,14,77.2385,14.019266388888887,0,,0.013044457883154994,0,0.4875602297542363,0
1143,2024-10-23,train,249.85,4,62.4625,10.254731111111113,0,,0.09202615170014272,0,0.37536480253172155,0
1143,2024-10-24,train,462.172,6,77.02866666666667,13.251242222222222,0,,0.016415831169145738,0,0.37602426197148325,0
1143,2024-10-25,train,942.213,4,235.55325,15.956049722222224,0,,2.5540026875976234,1,0.5276134421497577,1
1143,2024-10-26,train,379.778,4,94.9445,12.060218888888889,0,,0.09036178187467861,0,0.3777415542889555,0
1143,2024-10-27,train,578.238,12,48.1865,7.665355,0,,0.246498939561607,0,0.4218452062500029,0
1143,2024-10-28,train,378.754,6,63.12566666666666,14.55034638888889,0,,0.0058732009565880695,0,0.3675471028085338,0
1143,2024-10-29,train,833.694,7,119.09914285714284,7.8023125,0,,0.2765959176825423,0,0.4371992198950012,0
1143,2024-10-30,test,241.284,9,26.80933333333333,13.514135833333334,0,,0.2873089136734729,0,0.4009104722225543,0
1143,2024-10-31,test,245.783,4,61.44575,12.557849722222224,0,,0.043107519742234326,0,0.3741778481258237,0
1143,2024-11-01,test,355.86,3,118.62,8.102511944444444,0,,0.24443511455649367,0,0.4380888281629947,0
1143,2024-11-02,test,144.438,2,72.219,15.48221,0,,0.07901868425616247,0,0.4137752965131172,0
1143,2024-11-03,test,342.219,3,114.073,12.256431111111112,0,,0.1960608524478147,0,0.41126900666014826,0
1143,2024-11-04,test,376.80999999999995,4,94.2025,17.834998055555555,0,,0.11532301434243025,0,0.38679608745104965,0
1143,2024-11-05,test,338.47,4,84.6175,19.18686277777778,0,,0.08413115450057915,0,0.389184839172346,0
1143,2024-11-06,test,85.471,2,42.7355,22.54661472222222,0,,0.11786635531090608,0,0.44051033780218085,0
1143,2024-11-07,test,567.348,11,51.577090909090906,13.133102222222222,0,,0.09324868305373321,0,0.39706713941228766,0
1145,2024-10-11,train,309.799,31,9.993516129032257,3.1604941666666666,0,,3.9767330356998434,1,0.6104883726997453,1
1145,2024-10-12,train,430.77,21,20.512857142857143,5.279335,0,,1.5227626223178352,0,0.52319955381432,1
1145,2024-10-13,train,485.06,19,25.52947368421053,8.46715,0,,1.0538964504328043,0,0.4824902426546416,0
1145,2024-10-14,train,404.974,10,40.4974,9.563671388888888,0,,0.23991855701829543,0,0.3935468373379588,0
1145,2024-10-16,train,468.144,4,117.036,41.9569,0,,2.352288567294217,1,0.5331348040993511,1
1145,2024-10-17,train,709.744,9,78.86044444444445,14.077482777777778,0,,0.006802509965115016,0,0.39858922331339997,0
1145,2024-10-18,train,1395.715,20,69.78575,10.174242777777778,0,,0.09271644989472269,0,0.5849729759858432,1
1145,2024-10-19,train,324.156,2,162.078,12.943026111111111,0,,0.6950269793167188,0,0.4792720675513624,0
1145,2024-10-20,train,932.998,15,62.199866666666665,9.612431388888888,0,,0.0981228800456781,0,0.448156255337457,0
1145,2024-10-21,train,1102.899,24,45.954125000000005,8.905503055555556,0,,0.6949385725702314,0,0.5723644455032804,1
1145,2024-10-22,train,295.733,9,32.85922222222222,8.209998055555555,0,,0.35324720737766074,0,0.40484952448396877,0
1145,2024-10-23,train,435.845,7,62.26357142857143,9.791765,0,,0.07301739061358298,0,0.3707310956701695,0
1145,2024-10-24,train,165.566,6,27.594333333333335,11.535642222222222,0,,0.24507195611069427,0,0.40646626273156267,0
1145,2024-10-25,train,689.449,14,49.24635714285714,10.521134722222222,0,,0.20520452164470376,0,0.42270127793922846,0
1145,2024-10-26,train,178.495,6,29.749166666666667,13.3970575,0,,0.17710569724082,0,0.3983341711867445,0
1145,2024-10-27,train,299.204,17,17.60023529411765,15.968666666666666,0,,1.0727189109383228,0,0.4922080788923486,0
1145,2024-10-28,train,176.798,7,25.256857142857143,10.320766944444443,0,,0.3317121565259996,0,0.405250994803406,0
1145,2024-10-29,train,400.799,9,44.53322222222222,10.2712475,0,,0.16748278310388362,0,0.3821564369808647,0
1145,2024-10-30,test,414.785,5,82.957,9.9313875,0,,0.0725999138041169,0,0.38133544748496884,0
1145,2024-10-31,test,105.596,3,35.19866666666667,16.73068888888889,0,,0.07315150680528988,0,0.4046139825639192,0
1145,2024-11-01,test,267.03200000000004,3,89.01066666666668,14.230854722222222,0,,0.06899611451472415,0,0.3847470163024968,0
1145,2024-11-02,test,134.134,2,67.06700000000001,16.31601638888889,0,,0.067675509748434,0,0.4180092194211898,0
1145,2024-11-03,test,174.964,5,34.9928,13.9969825,0,,0.11125110173336927,0,0.39504569806150286,0
1145,2024-11-04,test,245.403,6,40.9005,11.416186944444444,0,,0.14671167807255955,0,0.38095672827139526,0
1145,2024-11-05,test,481.24299999999994,7,68.749,4.872122777777777,0,,0.20472938655330064,0,0.4182063650030074,0
1145,2024-11-06,test,112.762,6,18.793666666666667,13.066616111111111,0,,0.2868983605704491,0,0.42869390795827644,0
1145,2024-11-07,test,293.15,7,41.878571428571426,9.64989472222222,0,,0.19265022349469565,0,0.3787488339270941,0
1147,2024-10-11,train,188.558,16,11.784875,2.6815488888888885,0,,1.4291434810036405,0,0.5113259516485376,1
1147,2024-10-12,train,931.852,21,44.37390476190476,7.651161388888889,0,,0.5946760642029197,0,0.5282932594183807,1
1147,2024-10-13,train,600.134,15,40.00893333333333,13.049686111111113,0,,0.3526713063462181,0,0.45049892649988055,0
1147,2024-10-14,train,752.692,6,125.44866666666668,10.033440833333334,0,,0.3067721551563211,0,0.4238385013930096,0
1147,2024-10-16,train,327.692,3,109.23066666666666,37.6608,0,,1.6118016792083525,0,0.5068104383387518,1
1147,2024-10-17,train,700.359,7,100.05128571428573,10.380474722222225,0,,0.11294555871994151,0,0.3945802223532314,0
1147,2024-10-18,train,515.674,5,103.1348,14.506963055555556,0,,0.12966742772106463,0,0.38420546428476543,0
1147,2024-10-19,train,110.451,3,36.817,15.328048055555556,0,,0.09289410245289928,0,0.3974311359539769,0
1147,2024-10-20,train,643.37,7,91.91,22.88746777777778,0,,0.22578889485614526,0,0.4449256120465798,0
1147,2024-10-21,train,361.449,4,90.36225,11.963395555555556,0,,0.0757133667732212,0,0.37640121280141425,0
1147,2024-10-22,train,365.387,6,60.89783333333333,6.896091666666667,0,,0.17673613808080677,0,0.40081132680513176,0
1147,2024-10-23,train,493.433,8,61.679125,14.026326666666666,0,,0.013137399267988063,0,0.37487554359228115,0
1147,2024-10-24,train,81.577,4,20.39425,14.493344166666668,0,,0.20924547537256655,0,0.4183552702829553,0
1147,2024-10-25,train,571.575,7,81.65357142857144,15.80014972222222,0,,0.023866980133491783,0,0.3861294609093943,0
1147,2024-10-26,train,272.642,7,38.94885714285714,10.948393055555554,0,,0.17812502176543982,0,0.38030574467083167,0
1147,2024-10-27,train,1483.457,15,98.89713333333334,8.944231666666667,0,,0.12000029909925239,0,0.5661242928997351,1
1147,2024-10-28,train,195.885,9,21.765,11.362972222222222,0,,0.40515926664719126,0,0.4141560130707616,0
1147,2024-10-29,train,308.645,2,154.3225,15.612506111111111,0,,0.6656268377295443,0,0.4612257076314864,0
1147,2024-10-30,test,661.732,5,132.3464,15.022954166666668,0,,0.41850972128572167,0,0.419626784036979,0
1147,2024-10-31,test,177.92499999999998,2,88.96249999999999,14.114128888888889,0,,0.12260070522727678,0,0.41337798344370785,0
1147,2024-11-01,test,299.332,4,74.833,15.624359722222222,0,,0.02129353170023983,0,0.38182137095771734,0
1147,2024-11-02,test,147.167,2,73.5835,16.122215833333332,0,,0.07665769702985377,0,0.4137478652049177,0
1147,2024-11-03,test,106.905,2,53.4525,14.281516388888887,0,,0.10665811919761642,0,0.4146542431983818,0
1147,2024-11-04,test,238.079,3,79.35966666666667,10.882338888888889,0,,0.08670167564816222,0,0.3868962171808372,0
1147,2024-11-05,test,410.443,3,136.81433333333334,15.86612388888889,0,,0.4570239506974622,0,0.43336136531299574,0
1147,2024-11-06,test,71.955,3,23.985,11.788868333333332,0,,0.2927702909136324,0,0.4132238871046014,0
1147,2024-11-07,test,592.771,9,65.86344444444444,12.708579722222224,0,,0.015166890535432047,0,0.3836097389362416,0
1149,2024-10-11,train,174.53300000000002,8,21.816625,3.8875875,1,тимпания факт,0.6966166328636302,0,0.45017289272938726,0
1149,2024-10-12,train,379.601,8,47.450125,6.131334166666667,1,тимпания факт,0.27213849718437544,0,0.40696018876706036,0
1149,2024-10-13,train,174.72899999999998,2,87.36449999999999,16.858407777777778,1,тимпания факт,0.11493313819496284,0,0.41778349619269106,0
1149,2024-10-14,train,230.075,2,115.0375,19.175697222222222,1,тимпания факт,0.3309306032872635,0,0.4339983744507991,0
1149,2024-10-16,train,86.804,2,43.402,43.12822277777778,1,тимпания факт,2.179075969558166,0,0.5443538243256668,1
1149,2024-10-17,train,192.178,2,96.089,21.189038333333333,1,тимпания факт,0.2286327771051195,0,0.43374931234885167,0
1149,2024-10-18,train,593.101,3,197.70033333333333,14.834142777777776,1,тимпания факт,1.4022904757596106,0,0.47348980001433033,0
1149,2024-10-19,train,220.212,3,73.40400000000001,15.14205472222222,1,тимпания факт,0.029268072025265206,0,0.3864263067246315,0
1149,2024-10-20,train,115.164,1,115.164,17.556079166666667,1,тимпания факт,0.41119594018497463,0,0.48753617814384254,0
1149,2024-10-21,train,227.451,1,227.451,21.587881111111113,1,тимпания факт,2.534843028973975,1,0.5670747208300891,1
1149,2024-10-22,train,438.337,5,87.6674,19.32775388888889,1,тимпания факт,0.10097078456613486,0,0.3879546509830415,0
1149,2024-10-23,train,503.667,2,251.8335,21.34629,1,тимпания факт,3.1368302259749603,1,0.5563083226681853,1
1149,2024-10-24,train,165.737,1,165.737,21.31788694444444,1,тимпания факт,1.1971584155168622,0,0.5286968403263995,1
1149,2024-10-25,train,447.506,2,223.753,20.425668333333338,1,тимпания факт,2.2755206734276308,1,0.5352168600380534,1
1149,2024-10-26,train,958.925,4,239.73125,11.995543611111112,1,тимпания факт,2.426415533749405,1,0.5262202250329397,1
1149,2024-10-27,train,150.391,5,30.0782,31.59215111111111,1,тимпания факт,0.6716730178300995,0,0.49427650146560775,0
1149,2024-10-28,train,299.72,2,149.86,14.994140277777776,1,тимпания факт,0.591702476013292,0,0.4617410937983136,0
1149,2024-10-31,test,326.06899999999996,2,163.03449999999998,63.67802,1,тимпания факт,8.421206143789245,1,0.6159253004858324,1
1149,2024-11-02,test,91.974,1,91.974,46.623448611111115,1,тимпания факт,3.0053041892641748,1,0.6068804383071139,1
1149,2024-11-03,test,282.496,6,47.08266666666666,19.39545277777778,1,тимпания факт,0.0341139060612007,0,0.3941351896782937,0
1149,2024-11-04,test,136.613,1,136.613,28.97426916666667,1,тимпания факт,1.1838056779434312,0,0.5404954692740075,1
1149,2024-11-05,test,281.647,3,93.88233333333334,17.297905555555555,1,тимпания факт,0.10845874069892988,0,0.39685576349310786,0
1150,2024-10-11,train,243.11,33,7.366969696969697,1.6719797222222224,0,,4.752869082999665,1,0.6557026139969314,1
1150,2024-10-12,train,269.491,14,19.249357142857143,4.5713888888888885,0,,0.9545379030903205,0,0.46741059704271004,0
1150,2024-10-13,train,441.135,14,31.509642857142858,14.333159444444446,0,,0.4531472595613406,0,0.43750420122599404,0
1150,2024-10-14,train,405.6830000000001,9,45.0758888888889,14.285844444444445,0,,0.0984269012436732,0,0.3869989923082663,0
1150,2024-10-16,train,299.219,7,42.74557142857143,35.31754777777778,0,,1.0196452213299485,0,0.49191846779361886,0
1150,2024-10-17,train,418.365,9,46.485,11.31750361111111,0,,0.12942639944126674,0,0.3831562091731978,0
1150,2024-10-18,train,654.308,8,81.7885,9.57605277777778,0,,0.05571335093472626,0,0.3891771688505069,0
1150,2024-10-19,train,362.04,4,90.51,8.930719166666666,0,,0.11957200676124521,0,0.38877067908273216,0
1150,2024-10-20,train,494.254,11,44.93218181818182,9.686773888888888,0,,0.21102642985339498,0,0.39572861344792065,0
1150,2024-10-21,train,828.787,16,51.7991875,8.43093,0,,0.25137060930871213,0,0.46356282638203605,0
1150,2024-10-22,train,665.1,14,47.50714285714286,7.652125000000001,0,,0.2894783619983624,0,0.4375527117401769,0
1150,2024-10-23,train,245.499,11,22.31809090909091,7.899298888888889,0,,0.5907981724918004,0,0.42959137691027294,0
1150,2024-10-24,train,791.8729999999999,11,71.98845454545454,11.577517777777777,0,,0.013759052161468832,0,0.4085647373600567,0
1150,2024-10-25,train,525.885,5,105.177,7.293750277777778,0,,0.17821416085473255,0,0.408829634867892,0
1150,2024-10-26,train,739.981,10,73.9981,9.5670925,0,,0.041380346677585736,0,0.39763897724989283,0
1150,2024-10-27,train,1024.274,21,48.77495238095238,9.2312575,0,,0.4594459177609123,0,0.5297039319830431,1
1150,2024-10-28,train,359.672,12,29.97266666666667,13.2574475,0,,0.3810993512213524,0,0.41229828153172493,0
1150,2024-10-29,train,329.279,10,32.9279,13.921684166666669,0,,0.244662154960525,0,0.3955984994212664,0
1150,2024-10-30,test,368.936,13,28.379692307692306,9.950111944444444,0,,0.5156234857848295,0,0.4248793259569372,0
1150,2024-10-31,test,538.6560000000001,8,67.33200000000001,7.467610555555556,0,,0.11022009560936762,0,0.39326194537069453,0
1150,2024-11-01,test,360.18899999999996,21,17.151857142857143,8.056811666666666,0,,1.6244464205923275,0,0.5277983864536647,1
1150,2024-11-02,test,91.243,2,45.6215,15.795185,0,,0.09420093268607217,0,0.41251063097244867,0
1150,2024-11-03,test,936.308,10,93.6308,14.274795833333334,0,,0.06438105240938664,0,0.45120628676400326,0
1150,2024-11-04,test,589.612,5,117.9224,11.407454444444443,0,,0.22383050147013345,0,0.4036003098916015,0
1150,2024-11-05,test,325.71,3,108.57,12.13020722222222,0,,0.16156421937585708,0,0.40276720508775027,0
1150,2024-11-06,test,163.888,9,18.209777777777777,16.820635,0,,0.3583848862047389,0,0.4246866188399901,0
1150,2024-11-07,test,384.713,18,21.37294444444445,11.648597777777775,0,,1.060646326939945,0,0.48543505417736904,0
