tag_short,date,total_daily_duration,visit_count,avg_visit_duration,max_absence_sec,max_absence_hours,health_note,is_sick
1101,2024-10-11,1333.912,14,95.27942857142857,16189.525,4.497090277777778,,0
1101,2024-10-12,699.2669999999999,8,87.40837499999999,32042.84,8.900788888888888,,0
1101,2024-10-13,777.4780000000001,11,70.67981818181819,25827.244,7.174234444444444,,0
1101,2024-10-14,481.80899999999997,6,80.30149999999999,32939.937,9.1499825,,0
1101,2024-10-16,492.113,5,98.4226,160458.962,44.571933888888886,,0
1101,2024-10-17,710.5070000000001,9,78.94522222222223,29078.569,8.077380277777777,,0
1101,2024-10-18,1826.51,12,152.20916666666668,30637.358,8.510377222222223,,0
1101,2024-10-19,579.937,9,64.43744444444445,37937.202,10.538111666666666,,0
1101,2024-10-20,840.465,8,105.058125,34707.38,9.640938888888888,,0
1101,2024-10-21,800.113,6,133.35216666666668,26750.687,7.430746388888889,,0
1101,2024-10-22,610.412,7,87.20171428571429,41853.09,11.625858333333332,,0
1101,2024-10-23,635.341,9,70.59344444444444,51416.579,14.282383055555554,,0
1101,2024-10-24,808.4929999999999,8,101.06162499999999,54725.546,15.201540555555557,,0
1101,2024-10-25,328.807,6,54.80116666666667,40219.141,11.171983611111113,,0
1101,2024-10-26,765.179,5,153.0358,49607.477,13.779854722222222,,0
1101,2024-10-27,542.89,11,49.35363636363636,47538.767,13.205213055555555,,0
1101,2024-10-28,140.20700000000002,3,46.735666666666674,48104.084,13.362245555555557,,0
1101,2024-10-29,511.039,5,102.20779999999999,48071.698,13.353249444444444,,0
1101,2024-10-30,406.74,7,58.105714285714285,44685.011,12.412503055555556,,0
1101,2024-10-31,428.694,5,85.7388,31691.953,8.803320277777779,,0
1101,2024-11-01,332.379,3,110.793,39364.236,10.93451,,0
1101,2024-11-02,531.952,4,132.988,50494.64,14.026288888888889,,0
1101,2024-11-03,485.124,7,69.30342857142857,29035.656,8.06546,,0
1101,2024-11-04,705.9639999999999,6,117.66066666666666,62010.303,17.225084166666665,,0
1101,2024-11-05,394.88300000000004,6,65.81383333333333,43653.713,12.12603138888889,,0
1101,2024-11-06,184.219,4,46.05475,81212.942,22.559150555555554,,0
1101,2024-11-07,487.991,7,69.713,28810.16,8.002822222222223,,0
1105,2024-10-11,86.184,5,17.2368,18674.318,5.187310555555555,,0
1105,2024-10-12,459.60200000000003,8,57.450250000000004,39983.265,11.1064625,,0
1105,2024-10-13,666.692,7,95.24171428571428,49795.36,13.832044444444445,,0
1105,2024-10-14,384.243,6,64.0405,52253.195,14.514776388888889,,0
1105,2024-10-16,179.531,3,59.84366666666667,164053.548,45.57043,,0
1105,2024-10-17,862.584,6,143.76399999999998,53789.32,14.941477777777777,,0
1105,2024-10-18,557.917,5,111.58340000000001,56181.312,15.60592,,0
1105,2024-10-19,159.487,1,159.487,36257.919,10.071644166666667,,0
1105,2024-10-20,710.942,8,88.86775,85122.182,23.645050555555557,,0
1105,2024-10-21,379.452,7,54.20742857142857,62943.393,17.48427583333333,,0
1105,2024-10-22,783.996,14,55.99971428571428,56366.189,15.657274722222223,,0
1105,2024-10-23,1044.489,11,94.95354545454546,52256.404,14.515667777777779,,0
1105,2024-10-24,334.549,6,55.75816666666666,57652.678,16.014632777777777,,0
1105,2024-10-25,343.955,3,114.65166666666666,72088.871,20.024686388888888,,0
1105,2024-10-26,202.811,2,101.4055,68941.336,19.15037111111111,,0
1105,2024-10-27,646.398,19,34.020947368421055,57014.367,15.837324166666667,,0
1105,2024-10-28,382.10900000000004,5,76.4218,41298.654,11.471848333333334,,0
1105,2024-10-29,554.302,9,61.589111111111116,49039.498,13.622082777777777,,0
1105,2024-10-30,422.649,7,60.37842857142857,59986.583,16.662939722222223,,0
1105,2024-10-31,361.35999999999996,9,40.151111111111106,46381.528,12.883757777777777,,0
1105,2024-11-01,235.763,3,78.58766666666666,59102.12,16.417255555555556,,0
1105,2024-11-02,108.667,2,54.3335,78881.6,21.91155555555556,,0
1105,2024-11-03,428.586,4,107.1465,59627.624,16.56322888888889,,0
1105,2024-11-04,732.6270000000001,9,81.403,55801.294,15.500359444444445,,0
1105,2024-11-05,598.517,13,46.03976923076924,51332.03,14.258897222222222,,0
1105,2024-11-06,205.56599999999997,5,41.11319999999999,52143.343,14.484261944444444,,0
1105,2024-11-07,476.096,10,47.6096,43031.51,11.953197222222222,,0
1106,2024-10-11,741.817,12,61.818083333333334,13933.933,3.870536944444445,,0
1106,2024-10-12,848.9100000000001,19,44.67947368421053,25443.604,7.067667777777777,,0
1106,2024-10-13,779.696,7,111.38514285714287,33128.765,9.202434722222222,,0
1106,2024-10-14,322.701,6,53.783500000000004,32992.63,9.164619444444444,,0
1106,2024-10-16,117.393,6,19.5655,126507.44,35.14095555555556,,0
1106,2024-10-17,1116.402,13,85.87707692307693,35662.114,9.906142777777777,,0
1106,2024-10-18,542.29,5,108.458,31645.3,8.79036111111111,,0
1106,2024-10-19,692.857,2,346.4285,50803.77,14.112158333333332,,0
1106,2024-10-20,812.2339999999999,7,116.03342857142856,72293.227,20.081451944444446,,0
1106,2024-10-21,1193.111,6,198.85183333333336,46937.889,13.0383025,,0
1106,2024-10-22,1477.051,15,98.47006666666667,53705.688,14.918246666666667,,0
1106,2024-10-23,496.116,4,124.029,28818.952,8.005264444444444,,0
1106,2024-10-24,1314.151,11,119.46827272727273,52653.992,14.626108888888888,,0
1106,2024-10-25,234.826,3,78.27533333333334,40625.32,11.284811111111111,,0
1106,2024-10-26,493.611,3,164.537,40812.236,11.33673222222222,,0
1106,2024-10-27,1181.705,17,69.5120588235294,42010.089,11.669469166666667,,0
1106,2024-10-28,440.44500000000005,3,146.81500000000003,63131.426,17.536507222222223,,0
1106,2024-10-29,561.704,5,112.34079999999999,46474.285,12.909523611111112,,0
1106,2024-10-30,364.185,5,72.837,31715.423,8.809839722222222,,0
1106,2024-10-31,360.205,5,72.041,50108.42,13.919005555555556,,0
1106,2024-11-01,359.641,4,89.91025,39115.795,10.86549861111111,,0
1106,2024-11-02,175.678,2,87.839,47855.113,13.293086944444443,,0
1106,2024-11-03,256.834,3,85.61133333333333,48154.855,13.376348611111112,,0
1106,2024-11-04,323.65,4,80.9125,45791.789,12.719941388888888,,0
1106,2024-11-05,957.653,5,191.5306,46525.505,12.923751388888888,,0
1106,2024-11-06,130.39499999999998,5,26.078999999999997,54458.216,15.127282222222222,,0
1106,2024-11-07,360.365,7,51.480714285714285,36506.287,10.140635277777777,,0
1110,2024-10-11,154.554,3,51.518,33824.388,9.395663333333333,,0
1110,2024-10-12,45.351,1,45.351,68595.2,19.054222222222222,,0
1110,2024-10-13,188.99099999999999,4,47.247749999999996,63294.56,17.581822222222222,,0
1110,2024-10-14,21.369999999999997,3,7.123333333333332,72090.502,20.02513944444444,,0
1110,2024-10-16,51.867000000000004,1,51.867000000000004,171757.229,47.710341388888885,,0
1110,2024-10-17,87.858,3,29.286,75055.516,20.848754444444445,,0
1110,2024-10-18,175.002,3,58.334,28483.091,7.9119697222222225,,0
1110,2024-10-19,38.325,1,38.325,80937.818,22.482727222222223,,0
1110,2024-10-20,27.995,2,13.9975,104189.127,28.941424166666664,,0
1110,2024-10-21,100.0,3,33.333333333333336,55018.035,15.282787500000001,,0
1110,2024-10-22,120.151,4,30.03775,59222.191,16.45060861111111,,0
1110,2024-10-23,122.946,5,24.589199999999998,39716.39,11.032330555555555,,0
1110,2024-10-24,217.657,4,54.41425,71076.976,19.743604444444443,,0
1110,2024-10-25,88.204,2,44.102,38996.907,10.832474166666666,,0
1110,2024-10-26,98.542,2,49.271,56232.212,15.620058888888888,,0
1110,2024-10-27,440.749,7,62.96414285714286,47119.153,13.088653611111111,,0
1110,2024-10-28,140.945,2,70.4725,57990.215,16.108393055555556,,0
1110,2024-10-29,177.488,5,35.4976,58083.271,16.134241944444444,,0
1110,2024-10-30,135.05,3,45.01666666666667,54320.882,15.089133888888888,,0
1110,2024-10-31,140.071,3,46.690333333333335,42021.078,11.672521666666666,,0
1110,2024-11-01,164.829,4,41.20725,52039.171,14.455325277777778,,0
1110,2024-11-02,137.261,5,27.452199999999998,65228.594,18.11905388888889,,0
1110,2024-11-03,186.882,4,46.7205,26849.129,7.458091388888889,,0
1110,2024-11-04,131.058,3,43.686,53508.818,14.863560555555555,,0
1110,2024-11-05,16.565,3,5.521666666666667,54249.14,15.069205555555556,,0
1110,2024-11-06,82.836,4,20.709,58370.446,16.21401277777778,,0
1110,2024-11-07,153.949,5,30.789800000000003,64655.511,17.959864166666666,,0
1111,2024-10-11,400.909,10,40.0909,20169.85,5.602736111111111,,0
1111,2024-10-12,590.902,11,53.71836363636364,42700.115,11.861143055555555,,0
1111,2024-10-13,542.749,7,77.53557142857143,59035.886,16.398857222222222,,0
1111,2024-10-14,1126.632,5,225.3264,51514.828,14.309674444444445,,0
1111,2024-10-16,384.597,5,76.9194,133232.346,37.008984999999996,,0
1111,2024-10-17,760.5,7,108.64285714285714,55387.593,15.3854425,,0
1111,2024-10-18,599.065,4,149.76625,33105.648,9.196013333333333,,0
1111,2024-10-19,111.335,4,27.83375,60324.332,16.75675888888889,,0
1111,2024-10-20,931.7929999999999,8,116.47412499999999,33857.721,9.4049225,,0
1111,2024-10-21,676.656,10,67.6656,28573.782,7.9371616666666664,,0
1111,2024-10-22,740.448,10,74.0448,36091.051,10.025291944444444,,0
1111,2024-10-23,651.351,24,27.139625,37752.195,10.486720833333333,,0
1111,2024-10-24,380.75,7,54.392857142857146,61659.25,17.127569444444443,,0
1111,2024-10-25,411.33500000000004,6,68.55583333333334,39161.026,10.878062777777778,,0
1111,2024-10-26,286.64799999999997,5,57.32959999999999,35448.626,9.846840555555554,,0
1111,2024-10-27,168.831,13,12.986999999999998,67553.869,18.764963611111114,,0
1111,2024-10-28,230.047,4,57.51175,52082.047,14.467235277777778,,0
1111,2024-10-29,376.784,4,94.196,32129.611,8.924891944444445,,0
1111,2024-10-30,313.98800000000006,7,44.85542857142858,55011.576,15.280993333333333,,0
1111,2024-10-31,325.019,8,40.627375,25103.829,6.973285833333334,,0
1111,2024-11-01,226.149,6,37.6915,54272.833,15.075786944444443,,0
1111,2024-11-02,121.058,2,60.529,81152.651,22.542403055555553,,0
1111,2024-11-03,285.766,3,95.25533333333334,57612.089,16.003358055555555,,0
1111,2024-11-04,317.531,5,63.5062,61152.248,16.986735555555555,,0
1111,2024-11-05,357.069,4,89.26725,23445.21,6.512558333333333,,0
1111,2024-11-06,185.493,5,37.0986,57187.016,15.885282222222223,,0
1111,2024-11-07,231.339,8,28.917375,31573.473,8.770409166666667,,0
1112,2024-10-11,264.488,30,8.816266666666667,8333.447,2.314846388888889,,0
1112,2024-10-12,482.25,17,28.36764705882353,16464.125,4.573368055555555,,0
1112,2024-10-13,1201.163,5,240.2326,53368.676,14.824632222222222,,0
1112,2024-10-14,415.054,9,46.11711111111111,39106.351,10.862875277777778,,0
1112,2024-10-16,520.956,8,65.1195,135696.788,37.69355222222222,,0
1112,2024-10-17,529.39,8,66.17375,44715.276,12.42091,,0
1112,2024-10-18,777.923,8,97.240375,45197.972,12.554992222222223,,0
1112,2024-10-19,519.719,8,64.964875,47635.342,13.232039444444444,,0
1112,2024-10-20,384.857,4,96.21425,28268.975,7.852493055555555,,0
1112,2024-10-21,989.395,17,58.19970588235294,54761.823,15.2116175,,0
1112,2024-10-22,658.6560000000001,11,59.877818181818185,48577.836,13.493843333333334,,0
1112,2024-10-23,674.402,10,67.4402,40212.704,11.170195555555555,,0
1112,2024-10-24,170.72000000000003,4,42.68000000000001,57702.709,16.02853027777778,,0
1112,2024-10-25,483.134,5,96.6268,38876.042,10.798900555555555,,0
1112,2024-10-26,368.464,10,36.8464,56238.229,15.621730277777777,,0
1112,2024-10-27,818.722,18,45.48455555555555,38974.899,10.826360833333332,,0
1112,2024-10-28,286.966,11,26.087818181818182,47036.916,13.065809999999999,,0
1112,2024-10-29,400.153,8,50.019125,56340.128,15.650035555555554,,0
1112,2024-10-30,410.871,6,68.4785,32239.057,8.955293611111111,,0
1112,2024-10-31,991.5089999999999,11,90.13718181818182,53017.338,14.727038333333335,,0
1112,2024-11-01,287.125,5,57.425,48450.698,13.458527222222221,,0
1112,2024-11-02,200.2,7,28.599999999999998,55371.508,15.380974444444444,,0
1112,2024-11-03,348.846,8,43.60575,38213.403,10.614834166666666,,0
1112,2024-11-04,641.72,6,106.95333333333333,56208.662,15.613517222222221,,0
1112,2024-11-05,316.683,5,63.3366,44889.119,12.469199722222221,,0
1112,2024-11-06,131.493,6,21.915499999999998,43402.444,12.056234444444446,,0
1112,2024-11-07,675.187,9,75.02077777777778,36954.774,10.265215,,0
1113,2024-10-11,226.611,26,8.715807692307692,8233.315,2.2870319444444447,,0
1113,2024-10-12,300.752,23,13.076173913043478,19585.649,5.440458055555556,,0
1113,2024-10-13,303.277,12,25.273083333333332,36400.514,10.11125388888889,,0
1113,2024-10-14,361.51,9,40.16777777777778,32716.059,9.087794166666667,,0
1113,2024-10-16,352.992,10,35.2992,139475.259,38.7431275,,0
1113,2024-10-17,749.345,16,46.8340625,38722.35,10.756208333333333,,0
1113,2024-10-18,1349.607,7,192.801,38090.279,10.580633055555555,,0
1113,2024-10-19,522.325,3,174.10833333333335,45326.741,12.59076138888889,,0
1113,2024-10-20,1251.34,9,139.03777777777776,38806.462,10.779572777777778,,0
1113,2024-10-21,665.068,16,41.56675,35811.45,9.947624999999999,,0
1113,2024-10-22,720.689,9,80.07655555555556,40243.944,11.178873333333334,,0
1113,2024-10-23,817.296,16,51.081,23939.198,6.649777222222222,,0
1113,2024-10-24,317.694,11,28.88127272727273,56728.94,15.758038888888889,,0
1113,2024-10-25,720.858,9,80.09533333333333,32707.681,9.085466944444445,,0
1113,2024-10-26,213.368,5,42.6736,53156.588,14.76571888888889,,0
1113,2024-10-27,405.246,13,31.17276923076923,46553.11,12.931419444444444,,0
1113,2024-10-28,275.387,7,39.341,35756.474,9.932353888888889,,0
1113,2024-10-29,284.868,7,40.69542857142857,43309.634,12.03045388888889,,0
1113,2024-10-30,332.804,7,47.54342857142857,44856.928,12.460257777777779,,0
1113,2024-10-31,621.991,22,28.272318181818182,37238.048,10.343902222222223,,0
1113,2024-11-01,314.068,3,104.68933333333332,33677.123,9.35475638888889,,0
1113,2024-11-02,273.31399999999996,3,91.10466666666666,51065.115,14.184754166666666,,0
1113,2024-11-03,190.883,4,47.72075,27554.897,7.654138055555555,,0
1113,2024-11-04,418.66100000000006,9,46.5178888888889,62586.234,17.385064999999997,,0
1113,2024-11-05,519.909,9,57.76766666666666,41640.826,11.566896111111111,,0
1113,2024-11-06,96.674,6,16.112333333333336,51487.827,14.302174166666665,,0
1113,2024-11-07,874.577,16,54.6610625,17855.56,4.959877777777778,,0
1117,2024-10-11,74.938,3,24.979333333333333,10214.545,2.837373611111111,,0
1117,2024-10-12,127.75200000000001,4,31.938000000000002,48816.278,13.560077222222223,,0
1117,2024-10-13,29.736,8,3.717,56823.474,15.784298333333334,,0
1117,2024-10-14,34.966,3,11.655333333333333,54260.815,15.072448611111112,,0
1117,2024-10-16,0.173,1,0.173,181552.78,50.431327777777774,,0
1117,2024-10-17,98.39099999999999,4,24.597749999999998,62605.988,17.390552222222222,,0
1117,2024-10-18,50.178,3,16.726,50281.554,13.967098333333333,,0
1117,2024-10-19,127.444,1,127.444,81075.679,22.521021944444445,,0
1117,2024-10-20,183.374,3,61.12466666666666,96581.088,26.82808,,0
1117,2024-10-21,56.400999999999996,6,9.400166666666665,43488.674,12.080187222222222,,0
1117,2024-10-22,86.30199999999999,6,14.383666666666665,63724.993,17.701386944444444,,0
1117,2024-10-23,113.42,4,28.355,50289.149,13.969208055555555,,0
1117,2024-10-25,69.648,4,17.412,116011.806,32.225501666666666,,0
1117,2024-10-26,65.756,3,21.918666666666667,62755.478,17.432077222222222,,0
1117,2024-10-27,73.632,10,7.363200000000001,79263.278,22.017577222222222,,0
1117,2024-10-28,179.036,2,89.518,58491.816,16.247726666666665,,0
1117,2024-10-29,24.717000000000002,1,24.717000000000002,51459.607,14.294335277777778,,0
1117,2024-10-30,116.683,2,58.3415,85595.084,23.776412222222223,,0
1117,2024-10-31,27.823,1,27.823,39412.749,10.947985833333334,,0
1117,2024-11-01,151.71800000000002,3,50.57266666666667,83496.527,23.19347972222222,,0
1117,2024-11-02,77.957,2,38.9785,81550.723,22.65297861111111,,0
1117,2024-11-03,65.18900000000001,1,65.18900000000001,67384.3,18.717861111111112,,0
1117,2024-11-04,77.90599999999999,2,38.952999999999996,75466.397,20.962888055555556,,0
1117,2024-11-05,109.058,2,54.529,64715.063,17.97640638888889,,0
1117,2024-11-06,62.564,3,20.854666666666667,86352.529,23.98681361111111,,0
1117,2024-11-07,0.941,1,0.941,37233.819,10.3427275,,0
1120,2024-10-11,129.066,7,18.438,14480.484,4.022356666666667,,0
1120,2024-10-12,403.742,12,33.64516666666667,48463.598,13.462110555555554,,0
1120,2024-10-13,409.395,11,37.217727272727274,50643.333,14.0675925,,0
1120,2024-10-14,448.424,9,49.824888888888886,49273.988,13.687218888888887,,0
1120,2024-10-16,135.786,2,67.893,135370.53,37.602925,,0
1120,2024-10-17,556.669,7,79.52414285714285,53631.61,14.897669444444444,,0
1120,2024-10-18,754.192,8,94.274,58218.891,16.171914166666667,,0
1120,2024-10-19,294.169,4,73.54225,50340.781,13.983550277777779,,0
1120,2024-10-20,483.18300000000005,5,96.63660000000002,31833.886,8.842746111111111,,0
1120,2024-10-21,542.503,8,67.812875,27943.877,7.762188055555556,,0
1120,2024-10-22,442.551,8,55.318875,25672.387,7.131218611111111,,0
1120,2024-10-23,237.58100000000002,3,79.19366666666667,32088.086,8.913357222222222,,0
1120,2024-10-24,91.13300000000001,4,22.783250000000002,52836.743,14.676873055555555,,0
1120,2024-10-25,256.056,7,36.57942857142857,35608.458,9.891238333333334,,0
1120,2024-10-26,208.577,8,26.072125,32055.723,8.904367500000001,,0
1120,2024-10-27,529.732,10,52.9732,42934.971,11.926380833333333,,0
1120,2024-10-28,373.337,11,33.939727272727275,42390.39,11.775108333333334,,0
1120,2024-10-29,247.677,20,12.383849999999999,25878.343,7.188428611111111,,0
1120,2024-10-30,186.084,4,46.521,25356.399,7.043444166666667,,0
1120,2024-10-31,324.459,5,64.8918,43436.821,12.065783611111112,,0
1120,2024-11-01,245.655,3,81.885,33302.839,9.250788611111112,,0
1120,2024-11-02,86.18700000000001,2,43.093500000000006,54608.001,15.168889166666666,,0
1120,2024-11-03,122.874,4,30.7185,57528.35,15.980097222222222,,0
1120,2024-11-04,503.033,16,31.4395625,48358.053,13.4327925,,0
1120,2024-11-05,276.896,4,69.224,43676.22,12.132283333333334,,0
1120,2024-11-06,81.865,7,11.694999999999999,28876.659,8.021294166666667,,0
1120,2024-11-07,174.222,7,24.888857142857145,36107.928,10.02998,,0
1122,2024-10-11,1629.5679999999998,26,62.6756923076923,8999.324,2.4998122222222223,,0
1122,2024-10-12,1074.353,14,76.7395,33173.276,9.214798888888888,,0
1122,2024-10-13,961.801,7,137.40014285714287,67453.753,18.73715361111111,,0
1122,2024-10-14,486.35600000000005,6,81.05933333333334,62941.382,17.48371722222222,,0
1122,2024-10-16,290.965,4,72.74125,140133.872,38.926075555555556,,0
1122,2024-10-17,640.5050000000001,8,80.06312500000001,69337.909,19.26053027777778,,0
1122,2024-10-18,644.479,6,107.41316666666667,54517.28,15.143688888888889,,0
1122,2024-10-19,808.983,7,115.56899999999999,46832.957,13.009154722222222,,0
1122,2024-10-20,416.377,8,52.047125,104536.15,29.03781944444444,,0
1122,2024-10-21,768.758,5,153.7516,27873.786,7.742718333333333,,0
1122,2024-10-22,835.7429999999999,8,104.46787499999999,71488.901,19.858028055555554,,0
1122,2024-10-23,668.189,5,133.6378,49972.004,13.881112222222223,,0
1122,2024-10-24,363.66200000000003,7,51.95171428571429,74081.652,20.57823666666667,,0
1122,2024-10-25,450.21400000000006,8,56.27675000000001,66908.904,18.585806666666667,,0
1122,2024-10-26,303.907,7,43.41528571428571,54121.716,15.03381,,0
1122,2024-10-27,1.553,1,1.553,69299.226,19.249785,,0
1122,2024-10-28,651.675,9,72.40833333333333,98741.975,27.42832638888889,,0
1122,2024-10-29,963.794,5,192.7588,49446.328,13.735091111111112,,0
1122,2024-10-30,429.969,7,61.424142857142854,64792.034,17.99778722222222,,0
1122,2024-10-31,561.0020000000001,7,80.14314285714286,60683.569,16.856546944444446,,0
1122,2024-11-01,851.9010000000001,4,212.97525000000002,67411.088,18.725302222222222,,0
1122,2024-11-02,115.115,2,57.5575,78625.129,21.84031361111111,,0
1122,2024-11-03,610.302,7,87.186,61256.452,17.01568111111111,,0
1122,2024-11-04,1365.831,5,273.1662,43600.408,12.111224444444446,,0
1122,2024-11-05,713.688,7,101.95542857142857,47347.85,13.152180555555555,,0
1122,2024-11-06,302.508,12,25.209,63469.007,17.630279722222223,,0
1122,2024-11-07,312.13,10,31.213,44362.627,12.322951944444444,,0
1123,2024-10-20,0.125,1,0.125,,,,0
1123,2024-10-21,727.788,5,145.5576,79613.895,22.114970833333334,,0
1123,2024-10-22,556.541,9,61.8378888888889,57496.534,15.971259444444444,,0
1123,2024-10-23,386.827,5,77.3654,54729.572,15.20265888888889,,0
1123,2024-10-24,298.78499999999997,4,74.69624999999999,44381.789,12.328274722222222,,0
1123,2024-10-25,400.039,5,80.0078,51717.174,14.365881666666667,,0
1123,2024-10-26,70.688,2,35.344,75365.221,20.93478361111111,,0
1123,2024-10-27,1360.991,17,80.05829411764705,52855.304,14.682028888888889,,0
1123,2024-10-28,57.257,1,57.257,62105.932,17.251647777777777,,0
1123,2024-10-29,382.369,5,76.47380000000001,73644.832,20.456897777777776,,0
1123,2024-10-30,278.966,7,39.85228571428571,53485.717,14.85714361111111,,0
1123,2024-10-31,102.39399999999999,2,51.196999999999996,83502.631,23.195175277777775,,0
1123,2024-11-01,348.449,3,116.14966666666668,58459.638,16.238788333333332,,0
1123,2024-11-02,59.108,1,59.108,80695.196,22.415332222222222,,0
1123,2024-11-03,363.333,4,90.83325,54361.412,15.10039222222222,,0
1123,2024-11-04,278.039,4,69.50975,70489.767,19.580490833333336,,0
1123,2024-11-05,415.726,2,207.863,56513.442,15.698178333333335,,0
1123,2024-11-06,196.827,6,32.8045,75516.425,20.976784722222224,,0
1123,2024-11-07,222.214,5,44.4428,39943.58,11.09543888888889,,0
1124,2024-10-11,1034.795,33,31.357424242424244,9774.567,2.7151574999999997,,0
1124,2024-10-12,548.756,16,34.29725,18198.43,5.055119444444444,,0
1124,2024-10-13,649.899,10,64.9899,40351.575,11.208770833333332,,0
1124,2024-10-14,561.281,9,62.36455555555555,26856.401,7.4601113888888895,,0
1124,2024-10-16,456.78499999999997,5,91.357,138496.504,38.47125111111111,,0
1124,2024-10-17,597.985,7,85.42642857142857,70815.308,19.67091888888889,,0
1124,2024-10-18,810.505,7,115.78642857142857,18812.767,5.2257686111111115,,0
1124,2024-10-19,228.252,2,114.126,53139.104,14.760862222222222,,0
1124,2024-10-20,1126.963,11,102.45118181818181,75747.076,21.040854444444445,,0
1124,2024-10-21,721.706,8,90.21325,33807.584,9.390995555555556,,0
1124,2024-10-22,820.491,11,74.5900909090909,53918.129,14.977258055555556,,0
1124,2024-10-23,542.627,7,77.51814285714285,34161.572,9.489325555555556,,0
1124,2024-10-24,448.91200000000003,6,74.81866666666667,43888.748,12.191318888888889,,0
1124,2024-10-25,751.23,11,68.29363636363637,32907.033,9.140842500000002,,0
1124,2024-10-26,575.813,12,47.98441666666667,39421.259,10.950349722222223,,0
1124,2024-10-27,1029.04,19,54.16,24300.332,6.7500922222222215,,0
1124,2024-10-28,410.67199999999997,4,102.66799999999999,42986.813,11.94078138888889,,0
1124,2024-10-29,533.795,14,38.128214285714286,47545.56,13.207099999999999,,0
1124,2024-10-30,491.233,12,40.936083333333336,37193.372,10.331492222222224,,0
1124,2024-10-31,378.046,4,94.5115,30119.794,8.366609444444444,,0
1124,2024-11-01,376.40999999999997,4,94.10249999999999,36467.775,10.1299375,,0
1124,2024-11-02,383.543,5,76.7086,40226.603,11.17405638888889,,0
1124,2024-11-03,444.097,4,111.02425,34230.174,9.508381666666667,,0
1124,2024-11-04,365.215,4,91.30375,51217.651,14.227125277777777,,0
1124,2024-11-05,359.026,5,71.8052,57974.818,16.10411611111111,,0
1124,2024-11-06,324.93399999999997,9,36.10377777777777,41830.245,11.6195125,,0
1124,2024-11-07,600.968,7,85.85257142857142,26863.9,7.462194444444445,,0
1125,2024-10-11,149.90200000000002,15,9.993466666666668,9499.917,2.638865833333333,,0
1125,2024-10-12,162.31,14,11.593571428571428,41172.132,11.436703333333332,,0
1125,2024-10-13,517.8009999999999,13,39.830846153846146,52416.953,14.560264722222223,,0
1125,2024-10-14,65.845,4,16.46125,43450.616,12.069615555555556,,0
1125,2024-10-16,68.179,2,34.0895,170987.216,47.496448888888885,,0
1125,2024-10-18,244.688,9,27.187555555555555,140511.426,39.03095166666667,,0
1125,2024-10-19,64.2,1,64.2,83965.909,23.32386361111111,,0
1125,2024-10-20,65.219,3,21.739666666666665,39397.386,10.943718333333333,,0
1125,2024-10-21,292.715,16,18.2946875,28556.621,7.932394722222222,,0
1125,2024-10-22,125.14699999999999,3,41.715666666666664,56169.579,15.602660833333333,,0
1125,2024-10-23,169.43,5,33.886,49801.583,13.833773055555556,,0
1125,2024-10-24,50.236000000000004,3,16.745333333333335,54316.627,15.087951944444445,,0
1125,2024-10-25,82.45700000000001,2,41.228500000000004,73392.269,20.38674138888889,,0
1125,2024-10-26,156.417,3,52.139,68336.839,18.98245527777778,,0
1125,2024-10-27,614.636,21,29.26838095238095,60044.05,16.67890277777778,,0
1125,2024-10-28,96.11000000000001,2,48.05500000000001,68702.258,19.083960555555556,,0
1125,2024-10-29,69.696,2,34.848,39041.729,10.844924722222222,,0
1125,2024-10-30,174.268,6,29.044666666666668,52589.142,14.608095,,0
1125,2024-10-31,147.334,3,49.111333333333334,60388.357,16.774543611111113,,0
1125,2024-11-01,45.42700000000001,1,45.42700000000001,72575.957,20.159988055555555,,0
1125,2024-11-02,113.805,3,37.935,70253.682,19.514911666666666,,0
1125,2024-11-03,178.17,4,44.5425,31588.758,8.774655000000001,,0
1125,2024-11-04,176.03300000000002,2,88.01650000000001,68963.774,19.156603888888892,,0
1125,2024-11-05,176.622,6,29.437,61804.736,17.16798222222222,,0
1125,2024-11-06,32.823,3,10.941,54406.387,15.112885277777778,,0
1125,2024-11-07,106.428,4,26.607,19493.881,5.414966944444445,,0
1127,2024-10-11,859.0319999999999,26,33.039692307692306,13900.742,3.861317222222222,,0
1127,2024-10-12,769.1450000000001,23,33.441086956521744,19335.77,5.371047222222223,,0
1127,2024-10-13,346.034,4,86.5085,56186.952,15.607486666666667,,0
1127,2024-10-14,305.578,4,76.3945,25749.034,7.152509444444444,,0
1127,2024-10-16,104.581,3,34.86033333333334,173381.712,48.161586666666665,,0
1127,2024-10-17,857.432,3,285.8106666666667,34874.252,9.687292222222222,,0
1127,2024-10-18,622.556,3,207.5186666666667,37285.731,10.3571475,,0
1127,2024-10-19,1341.809,4,335.45225,55269.816,15.352726666666666,,0
1127,2024-10-20,1726.333,9,191.81477777777778,38124.449,10.590124722222223,,0
1127,2024-10-21,1378.799,8,172.349875,42435.631,11.787675277777778,,0
1127,2024-10-22,637.699,7,91.09985714285713,27409.54,7.613761111111112,,0
1127,2024-10-23,671.55,4,167.8875,50406.245,14.001734722222222,,0
1127,2024-10-24,537.103,9,59.67811111111111,48486.684,13.468523333333334,,0
1127,2024-10-25,242.5,4,60.625,32475.568,9.02099111111111,,0
1127,2024-10-26,706.809,6,117.80149999999999,80120.347,22.25565194444444,,0
1127,2024-10-27,699.096,13,53.77661538461538,30593.51,8.498197222222222,,0
1127,2024-10-28,123.028,13,9.463692307692309,44962.025,12.48945138888889,,0
1127,2024-10-29,251.058,3,83.68599999999999,27624.568,7.673491111111111,,0
1127,2024-10-30,201.238,3,67.07933333333334,71917.995,19.97722083333333,,0
1127,2024-10-31,229.346,4,57.3365,74485.815,20.690504166666667,,0
1127,2024-11-01,320.66599999999994,3,106.88866666666665,37567.566,10.435435,,0
1127,2024-11-02,94.857,1,94.857,56252.342,15.625650555555554,,0
1127,2024-11-03,653.156,6,108.85933333333332,88389.353,24.552598055555556,,0
1127,2024-11-04,329.527,3,109.84233333333333,59844.091,16.62335861111111,,0
1127,2024-11-05,495.16499999999996,3,165.05499999999998,52528.878,14.591354999999998,,0
1127,2024-11-06,163.868,8,20.4835,18260.982,5.072495,,0
1127,2024-11-07,277.433,7,39.63328571428571,42987.184,11.940884444444444,,0
1129,2024-10-11,933.4939999999999,16,58.343374999999995,35586.376,9.885104444444444,пневмония??,1
1129,2024-10-12,285.471,15,19.0314,23078.201,6.410611388888889,пневмония??,1
1129,2024-10-13,546.486,12,45.5405,58381.92,16.2172,пневмония??,1
1129,2024-10-14,296.584,5,59.3168,61878.365,17.188434722222222,пневмония??,1
1129,2024-10-16,190.041,3,63.347,143527.055,39.868626388888885,пневмония??,1
1129,2024-10-17,615.086,5,123.0172,60902.0,16.91722222222222,пневмония??,1
1129,2024-10-18,214.73700000000002,3,71.57900000000001,61831.33,17.175369444444446,пневмония??,1
1129,2024-10-19,289.669,5,57.9338,60467.214,16.796448333333334,пневмония??,1
1129,2024-10-20,615.979,7,87.997,29365.553,8.157098055555556,пневмония??,1
1129,2024-10-21,963.98,19,50.735789473684214,29287.848,8.135513333333334,пневмония??,1
1129,2024-10-22,292.744,5,58.54880000000001,51604.263,14.3345175,пневмония??,1
1129,2024-10-23,1227.746,8,153.46825,31840.322,8.84453388888889,пневмония??,1
1129,2024-10-24,369.94599999999997,6,61.657666666666664,59869.701,16.6304725,пневмония??,1
1129,2024-10-25,259.277,4,64.81925,52498.75,14.582986111111111,пневмония??,1
1129,2024-10-26,405.69000000000005,6,67.61500000000001,61929.403,17.202611944444445,пневмония??,1
1129,2024-10-27,761.64,13,58.58769230769231,28154.307,7.820640833333334,пневмония??,1
1129,2024-10-28,173.096,6,28.849333333333334,67713.369,18.809269166666667,пневмония??,1
1129,2024-10-29,381.538,5,76.30760000000001,63647.65,17.679902777777777,пневмония??,1
1129,2024-10-30,289.491,7,41.35585714285714,58589.006,16.27472388888889,пневмония??,1
1129,2024-10-31,263.015,2,131.5075,62682.059,17.411683055555557,пневмония??,1
1129,2024-11-01,240.048,3,80.016,69562.432,19.32289777777778,пневмония??,1
1129,2024-11-02,97.872,2,48.936,89619.283,24.894245277777777,пневмония??,1
1129,2024-11-03,260.764,4,65.191,33782.307,9.383974166666667,пневмония??,1
1129,2024-11-04,436.40599999999995,6,72.73433333333332,50037.418,13.899282777777778,пневмония??,1
1129,2024-11-05,344.696,4,86.174,43926.898,12.201916111111112,пневмония??,1
1129,2024-11-06,203.209,5,40.6418,71022.016,19.728337777777778,пневмония??,1
1129,2024-11-07,85.869,4,21.46725,44201.914,12.278309444444444,пневмония??,1
1133,2024-10-11,172.686,20,8.6343,12114.234,3.365065,,0
1133,2024-10-12,564.139,20,28.20695,18567.196,5.157554444444444,,0
1133,2024-10-13,327.919,9,36.43544444444444,37646.489,10.457358055555556,,0
1133,2024-10-14,610.453,9,67.82811111111111,31091.349,8.636485833333333,,0
1133,2024-10-16,325.286,8,40.66075,139658.345,38.79398472222222,,0
1133,2024-10-17,143.068,3,47.68933333333334,64471.697,17.90880472222222,,0
1133,2024-10-18,587.051,7,83.86442857142858,24035.054,6.676403888888889,,0
1133,2024-10-19,420.39300000000003,7,60.05614285714286,41171.295,11.436470833333333,,0
1133,2024-10-20,575.7909999999999,11,52.34463636363636,39641.614,11.011559444444444,,0
1133,2024-10-21,429.6,7,61.371428571428574,43209.033,12.002509166666668,,0
1133,2024-10-22,574.059,8,71.757375,33147.928,9.207757777777777,,0
1133,2024-10-23,498.838,6,83.13966666666667,41159.072,11.433075555555556,,0
1133,2024-10-24,345.131,5,69.02619999999999,49148.483,13.652356388888888,,0
1133,2024-10-25,448.727,5,89.74539999999999,50854.151,14.126153055555555,,0
1133,2024-10-26,736.44,6,122.74000000000001,52297.552,14.52709777777778,,0
1133,2024-10-27,303.453,13,23.34253846153846,33037.502,9.17708388888889,,0
1133,2024-10-28,347.353,10,34.7353,34865.842,9.684956111111111,,0
1133,2024-10-29,320.87,8,40.10875,37259.277,10.349799166666667,,0
1133,2024-10-30,364.568,4,91.142,40750.319,11.319533055555556,,0
1133,2024-10-31,325.549,5,65.10979999999999,58246.67,16.179630555555555,,0
1133,2024-11-01,260.512,2,130.256,41417.539,11.504871944444444,,0
1133,2024-11-02,84.858,2,42.429,48848.588,13.569052222222224,,0
1133,2024-11-03,168.464,2,84.232,66057.412,18.34928111111111,,0
1133,2024-11-04,103.486,1,103.486,59180.271,16.43896416666667,,0
1133,2024-11-05,504.75800000000004,7,72.10828571428571,73116.226,20.310062777777777,,0
1133,2024-11-06,114.922,3,38.30733333333333,66050.431,18.347341944444445,,0
1133,2024-11-07,517.7439999999999,5,103.54879999999999,30070.27,8.352852777777779,,0
1134,2024-10-11,62.164,9,6.907111111111111,11382.566,3.161823888888889,,0
1134,2024-10-12,552.112,20,27.6056,30426.93,8.451925,,0
1134,2024-10-13,308.01599999999996,9,34.224,41396.166,11.498935,,0
1134,2024-10-14,692.361,11,62.94190909090909,50610.971,14.058603055555555,,0
1134,2024-10-16,195.80900000000003,4,48.95225000000001,144317.619,40.0882275,,0
1134,2024-10-17,898.644,9,99.84933333333333,27993.226,7.775896111111111,,0
1134,2024-10-18,588.254,8,73.53175,46561.45,12.933736111111111,,0
1134,2024-10-19,311.77700000000004,7,44.539571428571435,49185.845,13.662734722222222,,0
1134,2024-10-20,465.81100000000004,5,93.16220000000001,29249.432,8.124842222222222,,0
1134,2024-10-21,471.103,16,29.4439375,53811.566,14.947657222222222,,0
1134,2024-10-22,187.873,3,62.62433333333333,59282.676,16.46741,,0
1134,2024-10-23,152.408,2,76.204,59997.967,16.666101944444442,,0
1134,2024-10-24,359.851,10,35.9851,68790.045,19.10834583333333,,0
1134,2024-10-25,174.76999999999998,2,87.38499999999999,32936.66,9.149072222222223,,0
1134,2024-10-26,457.591,9,50.843444444444444,73990.344,20.552873333333334,,0
1134,2024-10-27,350.879,8,43.859875,46289.741,12.85826138888889,,0
1134,2024-10-28,161.45800000000003,7,23.065428571428576,48157.162,13.376989444444444,,0
1134,2024-10-29,101.596,3,33.86533333333333,24165.439,6.712621944444444,,0
1134,2024-10-30,168.564,4,42.141,72264.286,20.073412777777776,,0
1134,2024-10-31,129.409,5,25.8818,75946.649,21.09629138888889,,0
1134,2024-11-01,214.61700000000002,5,42.9234,68582.813,19.050781388888886,,0
1134,2024-11-02,93.78999999999999,3,31.263333333333332,47567.396,13.213165555555555,,0
1134,2024-11-03,178.519,2,89.2595,48126.697,13.368526944444444,,0
1134,2024-11-04,283.547,10,28.3547,56988.266,15.83007388888889,,0
1134,2024-11-05,283.13599999999997,6,47.18933333333333,52716.262,14.643406111111112,,0
1134,2024-11-06,58.838,5,11.7676,56038.395,15.566220833333333,,0
1134,2024-11-07,299.87199999999996,7,42.83885714285714,52136.68,14.48241111111111,,0
1135,2024-10-11,297.75100000000003,5,59.550200000000004,14201.808,3.944946666666667,,0
1135,2024-10-12,1212.853,16,75.8033125,47877.318,13.299255,,0
1135,2024-10-13,348.92999999999995,3,116.30999999999999,44324.892,12.31247,,0
1135,2024-10-14,356.997,7,50.99957142857143,44873.922,12.464978333333333,,0
1135,2024-10-16,77.642,1,77.642,145310.186,40.36394055555555,,0
1135,2024-10-17,290.38,6,48.39666666666667,61069.817,16.963838055555556,,0
1135,2024-10-18,895.729,6,149.28816666666668,46844.572,13.012381111111111,,0
1135,2024-10-19,135.754,2,67.877,34515.219,9.587560833333333,,0
1135,2024-10-20,1225.7320000000002,6,204.2886666666667,83615.436,23.22651,,0
1135,2024-10-21,698.1659999999999,9,77.574,35256.258,9.793405,,0
1135,2024-10-22,416.697,8,52.087125,56554.159,15.70948861111111,,0
1135,2024-10-23,376.365,5,75.273,37260.138,10.350038333333334,,0
1135,2024-10-24,129.064,2,64.532,53432.911,14.842475277777778,,0
1135,2024-10-25,221.901,2,110.9505,73353.005,20.375834722222223,,0
1135,2024-10-26,305.624,5,61.12480000000001,40696.737,11.304649166666668,,0
1135,2024-10-27,668.657,27,24.765074074074075,38154.266,10.598407222222223,,0
1135,2024-10-28,302.094,3,100.698,44851.953,12.458875833333334,,0
1135,2024-10-29,297.092,6,49.51533333333333,50794.714,14.109642777777777,,0
1135,2024-10-30,227.15300000000002,3,75.71766666666667,26202.153,7.278375833333333,,0
1135,2024-10-31,622.339,8,77.792375,47991.514,13.330976111111111,,0
1135,2024-11-01,318.549,4,79.63725,49466.265,13.740629166666666,,0
1135,2024-11-02,142.48399999999998,2,71.24199999999999,54573.057,15.1591825,,0
1135,2024-11-03,327.096,3,109.032,57358.246,15.932846111111111,,0
1135,2024-11-04,343.463,3,114.48766666666667,70349.06,19.541405555555556,,0
1135,2024-11-05,298.5,4,74.625,32822.581,9.11738361111111,,0
1135,2024-11-06,217.244,5,43.4488,26395.826,7.332173888888889,,0
1135,2024-11-07,459.29499999999996,7,65.61357142857142,45653.941,12.681650277777777,,0
1136,2024-10-11,127.94000000000001,11,11.630909090909093,13430.943,3.7308174999999997,,0
1136,2024-10-12,145.909,7,20.844142857142856,33889.325,9.413701388888889,,0
1136,2024-10-13,110.825,3,36.94166666666667,62161.671,17.267130833333333,,0
1136,2024-10-14,88.371,5,17.6742,34877.98,9.68832777777778,,0
1136,2024-10-16,339.222,6,56.537,176130.519,48.92514416666667,,0
1136,2024-10-17,347.38,6,57.89666666666667,53103.093,14.750859166666666,,0
1136,2024-10-18,306.60299999999995,3,102.20099999999998,42650.892,11.84747,,0
1136,2024-10-19,170.30499999999998,3,56.768333333333324,58830.066,16.341685,,0
1136,2024-10-20,238.49,6,39.748333333333335,44758.815,12.433004166666667,,0
1136,2024-10-21,263.67,7,37.667142857142856,60272.701,16.742416944444443,,0
1136,2024-10-22,163.05,6,27.175,54678.512,15.188475555555556,,0
1136,2024-10-23,190.406,3,63.46866666666667,37270.773,10.352992500000001,,0
1136,2024-10-24,29.846000000000004,1,29.846000000000004,57362.159,15.933933055555556,,0
1136,2024-10-25,248.42400000000004,7,35.48914285714286,67467.692,18.741025555555556,,0
1136,2024-10-26,154.47299999999998,8,19.309124999999998,34466.832,9.57412,,0
1136,2024-10-27,537.668,21,25.603238095238094,60394.468,16.776241111111112,,0
1136,2024-10-28,90.62,2,45.31,59701.712,16.58380888888889,,0
1136,2024-10-29,40.759,1,40.759,84352.86,23.431350000000002,,0
1136,2024-10-30,88.562,3,29.520666666666667,64487.141,17.913094722222223,,0
1136,2024-10-31,114.901,3,38.300333333333334,62568.155,17.380043055555554,,0
1136,2024-11-01,149.838,3,49.946,35765.882,9.934967222222221,,0
1136,2024-11-02,144.56900000000002,3,48.189666666666675,58892.469,16.359019166666666,,0
1136,2024-11-03,74.16,2,37.08,44667.884,12.407745555555556,,0
1136,2024-11-04,179.716,5,35.943200000000004,76203.789,21.167719166666668,,0
1136,2024-11-05,189.727,3,63.242333333333335,58009.769,16.113824722222223,,0
1136,2024-11-06,98.943,4,24.73575,60417.321,16.782589166666668,,0
1136,2024-11-07,196.908,8,24.6135,43209.396,12.00261,,0
1137,2024-10-11,655.3870000000001,6,109.23116666666668,24160.966,6.711379444444445,,0
1137,2024-10-12,821.2919999999999,10,82.1292,41470.646,11.519623888888889,,0
1137,2024-10-13,276.316,3,92.10533333333332,42757.878,11.877188333333333,,0
1137,2024-10-14,387.129,3,129.043,47905.255,13.307015277777777,,0
1137,2024-10-16,378.854,3,126.28466666666667,178711.995,49.64222083333333,,0
1137,2024-10-17,568.285,8,71.035625,55966.075,15.546131944444443,,0
1137,2024-10-18,595.034,6,99.17233333333333,36682.715,10.189643055555555,,0
1137,2024-10-19,221.563,2,110.7815,29364.236,8.156732222222223,,0
1137,2024-10-20,287.75199999999995,5,57.55039999999999,85342.382,23.70621722222222,,0
1137,2024-10-21,382.449,5,76.4898,60162.289,16.711746944444442,,0
1137,2024-10-22,1387.324,11,126.12036363636365,25739.82,7.14995,,0
1137,2024-10-23,628.183,3,209.39433333333332,55399.621,15.38878361111111,,0
1137,2024-10-24,287.812,3,95.93733333333334,76213.036,21.170287777777776,,0
1137,2024-10-25,294.682,3,98.22733333333333,68703.831,19.0843975,,0
1137,2024-10-26,1085.808,6,180.968,50985.731,14.162703055555555,,0
1137,2024-10-27,400.452,5,80.0904,56589.577,15.719326944444443,,0
1137,2024-10-28,180.342,5,36.068400000000004,61610.072,17.11390888888889,,0
1137,2024-10-29,101.512,3,33.83733333333333,82820.752,23.00576444444444,,0
1137,2024-10-30,387.772,6,64.62866666666666,60704.707,16.86241861111111,,0
1137,2024-10-31,831.3219999999999,6,138.55366666666666,62605.623,17.390450833333333,,0
1137,2024-11-01,166.886,2,83.443,43889.905,12.191640277777777,,0
1137,2024-11-02,288.269,3,96.08966666666667,63212.255,17.558959722222223,,0
1137,2024-11-03,229.099,3,76.36633333333333,37169.832,10.324953333333333,,0
1137,2024-11-04,382.748,3,127.58266666666667,64385.37,17.884825,,0
1137,2024-11-05,242.403,2,121.2015,57660.553,16.01682027777778,,0
1137,2024-11-06,208.577,7,29.796714285714284,37991.372,10.55315888888889,,0
1137,2024-11-07,474.625,10,47.4625,38606.206,10.723946111111111,,0
1138,2024-10-11,112.07000000000001,3,37.35666666666667,17426.337,4.840649166666666,,0
1138,2024-10-12,268.733,8,33.591625,40246.828,11.179674444444444,,0
1138,2024-10-13,190.85700000000003,3,63.61900000000001,70567.806,19.60216833333333,,0
1138,2024-10-14,151.369,4,37.84225,59798.505,16.61069583333333,,0
1138,2024-10-16,86.22899999999998,2,43.11449999999999,140632.853,39.06468138888889,,0
1138,2024-10-17,433.06100000000004,5,86.6122,61478.638,17.077399444444445,,0
1138,2024-10-18,520.746,5,104.1492,63075.164,17.520878888888888,,0
1138,2024-10-19,333.061,1,333.061,80035.444,22.23206777777778,,0
1138,2024-10-20,659.2239999999999,4,164.80599999999998,92413.963,25.67054527777778,,0
1138,2024-10-21,710.402,4,177.6005,39458.494,10.960692777777778,,0
1138,2024-10-22,546.237,6,91.03949999999999,66897.312,18.582586666666668,,0
1138,2024-10-23,212.985,3,70.995,32750.526,9.097368333333334,,0
1138,2024-10-24,186.865,5,37.373000000000005,67967.898,18.879971666666666,,0
1138,2024-10-25,347.95,7,49.707142857142856,24171.294,6.714248333333334,,0
1138,2024-10-26,634.415,4,158.60375,67488.61,18.74683611111111,,0
1138,2024-10-27,430.936,4,107.734,28228.348,7.841207777777778,,0
1138,2024-10-28,230.137,2,115.0685,61396.556,17.054598888888886,,0
1138,2024-10-29,459.38599999999997,3,153.12866666666665,63981.809,17.77272472222222,,0
1138,2024-10-30,198.05900000000003,3,66.01966666666668,39889.292,11.08035888888889,,0
1138,2024-10-31,250.837,4,62.70925,62228.806,17.285779444444444,,0
1138,2024-11-01,380.97,3,126.99000000000001,84331.271,23.425353055555554,,0
1138,2024-11-02,192.113,2,96.0565,59960.437,16.655676944444444,,0
1138,2024-11-03,366.28000000000003,4,91.57000000000001,56169.57,15.602658333333332,,0
1138,2024-11-04,287.058,3,95.68599999999999,32062.682,8.906300555555555,,0
1138,2024-11-05,234.32299999999998,4,58.580749999999995,55267.557,15.352099166666667,,0
1138,2024-11-06,42.004000000000005,1,42.004000000000005,84716.932,23.53248111111111,,0
1138,2024-11-07,219.709,3,73.23633333333333,50527.522,14.035422777777777,,0
1139,2024-10-11,599.197,14,42.79978571428571,10635.103,2.9541952777777776,,0
1139,2024-10-12,461.848,8,57.731,37301.976,10.36166,,0
1139,2024-10-13,432.84499999999997,4,108.21124999999999,31338.018,8.705005,,0
1139,2024-10-14,491.457,11,44.67790909090909,39800.686,11.055746111111112,,0
1139,2024-10-16,44.79599999999999,5,8.9592,147027.455,40.840959722222216,,0
1139,2024-10-17,395.636,18,21.97977777777778,32603.042,9.056400555555555,,0
1139,2024-10-18,888.5,14,63.464285714285715,24747.808,6.874391111111112,,0
1139,2024-10-19,261.65000000000003,3,87.21666666666668,47291.964,13.136656666666667,,0
1139,2024-10-20,1179.112,8,147.389,77827.925,21.618868055555556,,0
1139,2024-10-21,1594.418,15,106.29453333333332,37794.562,10.498489444444443,,0
1139,2024-10-22,596.235,2,298.1175,54071.384,15.019828888888888,,0
1139,2024-10-23,853.794,4,213.4485,82059.637,22.794343611111113,,0
1139,2024-10-24,83.118,2,41.559,41722.352,11.589542222222223,,0
1139,2024-10-25,236.977,4,59.24425,68621.152,19.061431111111112,,0
1139,2024-10-26,258.31100000000004,6,43.05183333333334,55498.858,15.416349444444444,,0
1139,2024-10-27,1066.181,13,82.01392307692308,48341.174,13.428103888888888,,0
1139,2024-10-28,368.058,5,73.6116,68078.921,18.910811388888888,,0
1139,2024-10-29,385.7,9,42.855555555555554,53906.712,14.974086666666667,,0
1139,2024-10-30,232.43599999999998,4,58.108999999999995,38776.718,10.771310555555555,,0
1139,2024-10-31,370.305,10,37.0305,46613.105,12.948084722222223,,0
1139,2024-11-01,96.32600000000001,2,48.163000000000004,33525.251,9.312569722222221,,0
1139,2024-11-02,257.001,3,85.66699999999999,69841.763,19.400489722222225,,0
1139,2024-11-03,179.66,3,59.88666666666666,75264.683,20.90685638888889,,0
1139,2024-11-04,450.00199999999995,4,112.50049999999999,58566.286,16.268412777777776,,0
1139,2024-11-05,750.7,6,125.11666666666667,64737.68,17.982688888888887,,0
1139,2024-11-06,281.766,11,25.61509090909091,40923.102,11.367528333333333,,0
1139,2024-11-07,245.061,5,49.0122,33735.629,9.371008055555556,,0
1140,2024-10-11,1170.187,20,58.50935,10231.365,2.842045833333333,,0
1140,2024-10-12,1330.554,30,44.351800000000004,13178.73,3.6607583333333333,,0
1140,2024-10-13,444.48,5,88.896,57690.373,16.02510361111111,,0
1140,2024-10-14,364.318,5,72.86359999999999,47972.728,13.32575777777778,,0
1140,2024-10-16,602.6220000000001,4,150.65550000000002,157811.837,43.83662138888889,,0
1140,2024-10-17,355.572,9,39.508,29289.851,8.136069722222222,,0
1140,2024-10-18,583.816,13,44.90892307692308,35271.867,9.797740833333332,,0
1140,2024-10-19,397.43600000000004,2,198.71800000000002,67532.712,18.759086666666665,,0
1140,2024-10-20,547.29,10,54.729,21099.268,5.860907777777777,,0
1140,2024-10-21,487.62,9,54.18,46626.332,12.95175888888889,,0
1140,2024-10-22,278.19599999999997,6,46.36599999999999,59911.051,16.64195861111111,,0
1140,2024-10-23,254.83800000000002,2,127.41900000000001,86961.599,24.155999722222223,,0
1140,2024-10-24,543.935,5,108.78699999999999,44048.779,12.235771944444446,,0
1140,2024-10-25,792.9259999999999,7,113.27514285714285,68889.877,19.136076944444444,,0
1140,2024-10-27,1053.408,12,87.78399999999999,111210.459,30.891794166666667,,0
1140,2024-10-28,667.241,5,133.44819999999999,32993.414,9.164837222222221,,0
1140,2024-10-29,500.765,5,100.15299999999999,33358.004,9.266112222222223,,0
1140,2024-10-30,497.7289999999999,4,124.43224999999998,47934.962,13.315267222222221,,0
1140,2024-10-31,263.84,6,43.97333333333333,63969.584,17.76932888888889,,0
1140,2024-11-01,120.065,2,60.0325,43221.054,12.005848333333333,,0
1140,2024-11-02,106.331,3,35.443666666666665,62349.388,17.319274444444446,,0
1140,2024-11-03,424.071,6,70.6785,74892.349,20.803430277777778,,0
1140,2024-11-04,323.73,5,64.74600000000001,48737.565,13.5382125,,0
1140,2024-11-05,575.492,5,115.0984,47694.984,13.248606666666666,,0
1140,2024-11-06,329.61,11,29.964545454545455,35370.718,9.825199444444445,,0
1140,2024-11-07,292.98699999999997,10,29.298699999999997,30859.521,8.572089166666666,,0
1141,2024-10-11,45.955,3,15.318333333333333,25238.568,7.010713333333333,,0
1141,2024-10-12,505.058,13,38.85061538461538,26309.946,7.308318333333333,,0
1141,2024-10-13,379.479,8,47.434875,56843.142,15.789761666666667,,0
1141,2024-10-14,334.13,8,41.76625,55270.822,15.353006111111112,,0
1141,2024-10-16,175.695,5,35.138999999999996,141553.436,39.32039888888889,,0
1141,2024-10-17,561.302,13,43.177076923076925,36129.928,10.03609111111111,,0
1141,2024-10-18,561.889,6,93.64816666666667,51138.863,14.205239722222222,,0
1141,2024-10-19,487.37,7,69.62428571428572,39918.476,11.088465555555556,,0
1141,2024-10-20,292.08500000000004,9,32.45388888888889,21835.843,6.065511944444444,,0
1141,2024-10-21,906.808,21,43.181333333333335,55270.598,15.352943888888888,,0
1141,2024-10-22,171.289,8,21.411125,24130.145,6.702818055555555,,0
1141,2024-10-23,456.003,7,65.14328571428571,26370.941,7.3252613888888884,,0
1141,2024-10-25,326.349,3,108.783,149240.174,41.45560388888889,,0
1141,2024-10-26,268.531,3,89.51033333333334,70509.071,19.585853055555553,,0
1141,2024-10-27,302.775,15,20.185,29367.448,8.157624444444444,,0
1141,2024-10-28,298.247,4,74.56175,40836.619,11.343505277777778,,0
1141,2024-10-29,349.06100000000004,12,29.08841666666667,63264.821,17.57356138888889,,0
1141,2024-10-30,202.554,9,22.506,26427.381,7.340939166666667,,0
1141,2024-10-31,402.223,13,30.94023076923077,52344.923,14.54025638888889,,0
1141,2024-11-01,121.947,2,60.9735,59928.648,16.64684666666667,,0
1141,2024-11-02,77.21000000000001,2,38.605000000000004,74679.703,20.744361944444442,,0
1141,2024-11-03,144.207,5,28.8414,57755.212,16.043114444444445,,0
1141,2024-11-04,282.555,4,70.63875,63313.268,17.58701888888889,,0
1141,2024-11-05,207.488,2,103.744,40761.088,11.322524444444445,,0
1141,2024-11-06,188.132,10,18.813200000000002,62156.164,17.26560111111111,,0
1141,2024-11-07,100.219,4,25.05475,32988.631,9.163508611111112,,0
1142,2024-10-11,288.55,17,16.973529411764705,14880.058,4.133349444444445,,0
1142,2024-10-12,939.102,20,46.9551,11551.934,3.2088705555555554,,0
1142,2024-10-13,405.617,6,67.60283333333334,33230.257,9.230626944444444,,0
1142,2024-10-14,822.7909999999999,11,74.79918181818181,44642.032,12.400564444444445,,0
1142,2024-10-16,179.305,8,22.413125,139984.029,38.8844525,,0
1142,2024-10-17,597.967,9,66.44077777777778,43896.024,12.19334,,0
1142,2024-10-18,319.09299999999996,6,53.18216666666666,35042.805,9.7341125,,0
1142,2024-10-19,179.578,2,89.789,49567.387,13.768718611111112,,0
1142,2024-10-20,526.298,5,105.2596,23247.634,6.457676111111111,,0
1142,2024-10-21,607.104,10,60.71040000000001,43018.444,11.949567777777778,,0
1142,2024-10-22,393.442,6,65.57366666666667,37299.525,10.360979166666667,,0
1142,2024-10-23,278.435,7,39.776428571428575,40278.702,11.188528333333332,,0
1142,2024-10-24,189.891,5,37.9782,37626.331,10.45175861111111,,0
1142,2024-10-25,584.287,3,194.76233333333334,58525.656,16.257126666666668,,0
1142,2024-10-26,513.518,5,102.70360000000001,22762.398,6.322888333333333,,0
1142,2024-10-27,1388.219,18,77.12327777777779,40877.549,11.354874722222222,,0
1142,2024-10-28,630.041,9,70.00455555555556,42718.314,11.866198333333333,,0
1142,2024-10-29,973.6500000000001,10,97.36500000000001,19227.753,5.3410425,,0
1142,2024-10-30,657.006,9,73.00066666666666,18999.345,5.277595833333334,,0
1142,2024-10-31,621.896,12,51.824666666666666,26162.894,7.267470555555556,,0
1142,2024-11-01,302.605,5,60.521,33915.851,9.421069722222223,,0
1142,2024-11-02,175.425,4,43.85625,59750.618,16.597393888888888,,0
1142,2024-11-03,170.78400000000002,3,56.928000000000004,37725.095,10.479193055555555,,0
1142,2024-11-04,445.51,6,74.25166666666667,28624.209,7.951169166666666,,0
1142,2024-11-05,388.90999999999997,6,64.81833333333333,23293.092,6.470303333333334,,0
1142,2024-11-06,256.791,7,36.68442857142857,47588.914,13.219142777777776,,0
1142,2024-11-07,450.13599999999997,4,112.53399999999999,26031.414,7.230948333333333,,0
1143,2024-10-11,168.61599999999999,14,12.043999999999999,17103.203,4.750889722222222,,0
1143,2024-10-12,814.349,28,29.08389285714286,14514.238,4.031732777777777,,0
1143,2024-10-13,460.373,7,65.76757142857143,42073.073,11.686964722222221,,0
1143,2024-10-14,1214.667,6,202.44449999999998,33083.181,9.189772499999998,,0
1143,2024-10-16,347.423,4,86.85575,143418.165,39.83837916666667,,0
1143,2024-10-17,229.77,4,57.4425,39730.797,11.0363325,,0
1143,2024-10-18,588.846,5,117.7692,40668.563,11.296823055555556,,0
1143,2024-10-19,438.971,4,109.74275,46458.825,12.905229166666667,,0
1143,2024-10-20,610.528,6,101.75466666666667,29432.967,8.175824166666667,,0
1143,2024-10-21,989.485,5,197.897,54103.949,15.028874722222222,,0
1143,2024-10-22,1081.339,14,77.2385,50469.359,14.019266388888887,,0
1143,2024-10-23,249.85,4,62.4625,36917.032,10.254731111111111,,0
1143,2024-10-24,462.17199999999997,6,77.02866666666667,47704.472,13.251242222222222,,0
1143,2024-10-25,942.2130000000001,4,235.55325000000002,57441.779,15.956049722222224,,0
1143,2024-10-26,379.778,4,94.9445,43416.788,12.060218888888889,,0
1143,2024-10-27,578.238,12,48.1865,27595.278,7.665355,,0
1143,2024-10-28,378.75399999999996,6,63.12566666666666,52381.247,14.55034638888889,,0
1143,2024-10-29,833.694,7,119.09914285714285,28088.325,7.8023125,,0
1143,2024-10-30,241.284,9,26.80933333333333,48650.889,13.514135833333334,,0
1143,2024-10-31,245.783,4,61.44575,45208.259,12.557849722222223,,0
1143,2024-11-01,355.86,3,118.62,29169.043,8.102511944444444,,0
1143,2024-11-02,144.438,2,72.219,55735.956,15.48221,,0
1143,2024-11-03,342.219,3,114.073,44123.152,12.256431111111112,,0
1143,2024-11-04,376.80999999999995,4,94.20249999999999,64205.993,17.834998055555555,,0
1143,2024-11-05,338.47,4,84.6175,69072.706,19.18686277777778,,0
1143,2024-11-06,85.471,2,42.7355,81167.813,22.54661472222222,,0
1143,2024-11-07,567.348,11,51.577090909090906,47279.168,13.133102222222222,,0
1145,2024-10-11,309.799,31,9.993516129032257,11377.779,3.1604941666666666,,0
1145,2024-10-12,430.77,21,20.512857142857143,19005.606,5.279335,,0
1145,2024-10-13,485.06,19,25.529473684210526,30481.74,8.46715,,0
1145,2024-10-14,404.974,10,40.4974,34429.217,9.563671388888888,,0
1145,2024-10-16,468.144,4,117.036,151044.84,41.9569,,0
1145,2024-10-17,709.744,9,78.86044444444445,50678.938,14.077482777777778,,0
1145,2024-10-18,1395.715,20,69.78575,36627.274,10.174242777777778,,0
1145,2024-10-19,324.156,2,162.078,46594.894,12.943026111111111,,0
1145,2024-10-20,932.9979999999999,15,62.199866666666665,34604.753,9.612431388888888,,0
1145,2024-10-21,1102.8990000000001,24,45.954125000000005,32059.811,8.905503055555556,,0
1145,2024-10-22,295.733,9,32.85922222222222,29555.993,8.209998055555555,,0
1145,2024-10-23,435.845,7,62.26357142857143,35250.354,9.791765,,0
1145,2024-10-24,165.566,6,27.594333333333335,41528.312,11.535642222222222,,0
1145,2024-10-25,689.449,14,49.24635714285714,37876.085,10.521134722222222,,0
1145,2024-10-26,178.495,6,29.749166666666667,48229.407,13.397057499999999,,0
1145,2024-10-27,299.204,17,17.60023529411765,57487.2,15.968666666666666,,0
1145,2024-10-28,176.798,7,25.256857142857143,37154.761,10.320766944444443,,0
1145,2024-10-29,400.799,9,44.53322222222222,36976.491,10.271247500000001,,0
1145,2024-10-30,414.78499999999997,5,82.957,35752.995,9.931387500000001,,0
1145,2024-10-31,105.596,3,35.19866666666667,60230.48,16.73068888888889,,0
1145,2024-11-01,267.03200000000004,3,89.01066666666668,51231.077,14.230854722222222,,0
1145,2024-11-02,134.13400000000001,2,67.06700000000001,58737.659,16.31601638888889,,0
1145,2024-11-03,174.964,5,34.9928,50389.137,13.996982500000001,,0
1145,2024-11-04,245.403,6,40.9005,41098.273,11.416186944444444,,0
1145,2024-11-05,481.24299999999994,7,68.749,17539.642,4.872122777777777,,0
1145,2024-11-06,112.762,6,18.793666666666667,47039.818,13.066616111111111,,0
1145,2024-11-07,293.15,7,41.878571428571426,34739.621,9.649894722222221,,0
1147,2024-10-11,188.558,16,11.784875,9653.576,2.6815488888888885,,0
1147,2024-10-12,931.852,21,44.37390476190476,27544.181,7.651161388888889,,0
1147,2024-10-13,600.134,15,40.00893333333333,46978.87,13.049686111111113,,0
1147,2024-10-14,752.692,6,125.44866666666667,36120.387,10.033440833333334,,0
1147,2024-10-16,327.692,3,109.23066666666666,135578.88,37.6608,,0
1147,2024-10-17,700.359,7,100.05128571428573,37369.709,10.380474722222223,,0
1147,2024-10-18,515.674,5,103.1348,52225.067,14.506963055555556,,0
1147,2024-10-19,110.45100000000001,3,36.817,55180.973,15.328048055555556,,0
1147,2024-10-20,643.37,7,91.91,82394.884,22.88746777777778,,0
1147,2024-10-21,361.449,4,90.36225,43068.224,11.963395555555556,,0
1147,2024-10-22,365.387,6,60.89783333333333,24825.93,6.896091666666667,,0
1147,2024-10-23,493.433,8,61.679125,50494.776,14.026326666666666,,0
1147,2024-10-24,81.577,4,20.39425,52176.039,14.493344166666667,,0
1147,2024-10-25,571.575,7,81.65357142857144,56880.539,15.800149722222221,,0
1147,2024-10-26,272.642,7,38.94885714285714,39414.215,10.948393055555554,,0
1147,2024-10-27,1483.457,15,98.89713333333334,32199.234,8.944231666666667,,0
1147,2024-10-28,195.885,9,21.765,40906.7,11.362972222222222,,0
1147,2024-10-29,308.645,2,154.3225,56205.022,15.612506111111111,,0
1147,2024-10-30,661.732,5,132.3464,54082.635,15.022954166666667,,0
1147,2024-10-31,177.92499999999998,2,88.96249999999999,50810.864,14.114128888888889,,0
1147,2024-11-01,299.332,4,74.833,56247.695,15.624359722222222,,0
1147,2024-11-02,147.167,2,73.5835,58039.977,16.122215833333332,,0
1147,2024-11-03,106.905,2,53.4525,51413.459,14.281516388888889,,0
1147,2024-11-04,238.079,3,79.35966666666667,39176.42,10.882338888888889,,0
1147,2024-11-05,410.443,3,136.81433333333334,57118.046,15.86612388888889,,0
1147,2024-11-06,71.955,3,23.985,42439.926,11.788868333333333,,0
1147,2024-11-07,592.771,9,65.86344444444444,45750.887,12.708579722222224,,0
1149,2024-10-11,174.53300000000002,8,21.816625000000002,13995.315,3.8875875,тимпания факт,1
1149,2024-10-12,379.601,8,47.450125,22072.803,6.131334166666667,тимпания факт,1
1149,2024-10-13,174.72899999999998,2,87.36449999999999,60690.268,16.858407777777778,тимпания факт,1
1149,2024-10-14,230.075,2,115.0375,69032.51,19.175697222222222,тимпания факт,1
1149,2024-10-16,86.804,2,43.402,155261.602,43.12822277777778,тимпания факт,1
1149,2024-10-17,192.178,2,96.089,76280.538,21.189038333333333,тимпания факт,1
1149,2024-10-18,593.101,3,197.70033333333333,53402.914,14.834142777777776,тимпания факт,1
1149,2024-10-19,220.21200000000002,3,73.40400000000001,54511.397,15.142054722222221,тимпания факт,1
1149,2024-10-20,115.164,1,115.164,63201.885,17.556079166666667,тимпания факт,1
1149,2024-10-21,227.451,1,227.451,77716.372,21.587881111111113,тимпания факт,1
1149,2024-10-22,438.337,5,87.6674,69579.914,19.32775388888889,тимпания факт,1
1149,2024-10-23,503.66700000000003,2,251.83350000000002,76846.644,21.34629,тимпания факт,1
1149,2024-10-24,165.737,1,165.737,76744.393,21.317886944444442,тимпания факт,1
1149,2024-10-25,447.506,2,223.753,73532.406,20.425668333333334,тимпания факт,1
1149,2024-10-26,958.9250000000001,4,239.73125000000002,43183.957,11.995543611111112,тимпания факт,1
1149,2024-10-27,150.391,5,30.0782,113731.744,31.592151111111114,тимпания факт,1
1149,2024-10-28,299.72,2,149.86,53978.905,14.994140277777777,тимпания факт,1
1149,2024-10-31,326.06899999999996,2,163.03449999999998,229240.872,63.678020000000004,тимпания факт,1
1149,2024-11-02,91.974,1,91.974,167844.415,46.623448611111115,тимпания факт,1
1149,2024-11-03,282.496,6,47.08266666666666,69823.63,19.39545277777778,тимпания факт,1
1149,2024-11-04,136.613,1,136.613,104307.369,28.97426916666667,тимпания факт,1
1149,2024-11-05,281.647,3,93.88233333333334,62272.46,17.297905555555555,тимпания факт,1
1150,2024-10-11,243.11,33,7.366969696969697,6019.127,1.6719797222222224,,0
1150,2024-10-12,269.491,14,19.249357142857143,16457.0,4.5713888888888885,,0
1150,2024-10-13,441.135,14,31.509642857142858,51599.374,14.333159444444446,,0
1150,2024-10-14,405.68300000000005,9,45.0758888888889,51429.04,14.285844444444445,,0
1150,2024-10-16,299.219,7,42.74557142857143,127143.172,35.31754777777778,,0
1150,2024-10-17,418.365,9,46.485,40743.013,11.31750361111111,,0
1150,2024-10-18,654.308,8,81.7885,34473.79,9.576052777777779,,0
1150,2024-10-19,362.03999999999996,4,90.50999999999999,32150.589,8.930719166666666,,0
1150,2024-10-20,494.25399999999996,11,44.93218181818182,34872.386,9.686773888888888,,0
1150,2024-10-21,828.787,16,51.7991875,30351.348,8.43093,,0
1150,2024-10-22,665.1,14,47.50714285714286,27547.65,7.652125000000001,,0
1150,2024-10-23,245.499,11,22.31809090909091,28437.476,7.899298888888889,,0
1150,2024-10-24,791.8729999999999,11,71.98845454545454,41679.064,11.577517777777777,,0
1150,2024-10-25,525.885,5,105.17699999999999,26257.501,7.293750277777778,,0
1150,2024-10-26,739.981,10,73.9981,34441.533,9.567092500000001,,0
1150,2024-10-27,1024.274,21,48.77495238095238,33232.527,9.2312575,,0
1150,2024-10-28,359.672,12,29.97266666666667,47726.811,13.2574475,,0
1150,2024-10-29,329.279,10,32.9279,50118.063,13.921684166666667,,0
1150,2024-10-30,368.936,13,28.379692307692306,35820.403,9.950111944444444,,0
1150,2024-10-31,538.6560000000001,8,67.33200000000001,26883.398,7.467610555555556,,0
1150,2024-11-01,360.18899999999996,21,17.151857142857143,29004.522,8.056811666666666,,0
1150,2024-11-02,91.243,2,45.6215,56862.666,15.795185,,0
1150,2024-11-03,936.308,10,93.6308,51389.265,14.274795833333334,,0
1150,2024-11-04,589.612,5,117.9224,41066.836,11.407454444444445,,0
1150,2024-11-05,325.71,3,108.57,43668.746,12.130207222222221,,0
1150,2024-11-06,163.888,9,18.209777777777777,60554.286,16.820635,,0
1150,2024-11-07,384.713,18,21.372944444444446,41934.952,11.648597777777777,,0
